Name	Code	Family	Area
Aari	aari1239	South Omotic	Africa
Abau	abau1245	Sepik	Papunesia
Abidji	abid1235	Atlantic-Congo	Africa
Abipon	abip1241	Guaicuruan	South America
Abkhazian	abkh1244	Abkhaz-Adyge	Eurasia
Abua	abua1244	Atlantic-Congo	Africa
Abujmaria	abuj1237	Dravidian	Eurasia
Abure	abur1243	Atlantic-Congo	Africa
Acatepec Me'phaa	acat1239	Otomanguean	North America
Achagua	acha1250	Arawakan	South America
Aché	ache1246	Tupian	South America
Acheron	ache1245	Narrow Talodi	Africa
Achinese	achi1257	Austronesian	Eurasia
Achuar-Shiwiar	achu1248	Chicham	South America
Achumawi	achu1247	Palaihnihan	North America
Acoli	acol1236	Nilotic	Africa
Adamawa Fulfulde	adam1253	Atlantic-Congo	Africa
Adang	adan1251	Timor-Alor-Pantar	Papunesia
Adangme	adan1247	Atlantic-Congo	Africa
Adioukrou	adio1239	Atlantic-Congo	Africa
Adnyamathanha	adny1235	Pama-Nyungan	Australia
Adyghe	adyg1241	Abkhaz-Adyge	Eurasia
Adzera	adze1240	Austronesian	Papunesia
Aewa	abis1238	isolate	South America
Afade	afad1236	Afro-Asiatic	Africa
Afar	afar1241	Afro-Asiatic	Africa
Afitti	afit1238	Nyimang	Africa
Afrikaans	afri1274	Indo-European	Africa
Aghem	aghe1239	Atlantic-Congo	Africa
Aghu Tharnggalu	aghu1254	Pama-Nyungan	Australia
Aguaruna	agua1253	Chicham	South America
Àhàn	ahan1244	Atlantic-Congo	Africa
Ahanta	ahan1243	Atlantic-Congo	Africa
Ahtena	ahte1237	Athabaskan-Eyak-Tlingit	North America
Aikanã	aika1237	isolate	South America
Aja (Benin)	ajab1235	Atlantic-Congo	Africa
Aja (Sudan)	ajas1235	Kresh-Aja	Africa
Ajumbu	mbuu1238	Atlantic-Congo	Africa
Ajyíninka Apurucayali	ajyi1238	Arawakan	South America
Akan	akan1250	Atlantic-Congo	Africa
Akaselem	akas1242	Atlantic-Congo	Africa
Akawaio	akaw1239	Cariban	South America
Akha	akha1245	Sino-Tibetan	Eurasia
Aklanon	akla1241	Austronesian	Papunesia
Akoose	akoo1248	Atlantic-Congo	Africa
Akpes	akpe1248	Atlantic-Congo	Africa
Akuntsu	akun1241	Tupian	South America
Akurio	akur1238	Cariban	South America
Alaba-K'abeena	alab1254	Afro-Asiatic	Africa
Alabama	alab1237	Muskogean	North America
Alamblak	alam1246	Sepik	Papunesia
Alawa	alaw1244	Mangarrayi-Maran	Australia
Aleut	aleu1260	Eskimo-Aleut	North America
Alladian	alla1248	Atlantic-Congo	Africa
Alngith	alng1239	Pama-Nyungan	Australia
Alutor	alut1245	Chukotko-Kamchatkan	Eurasia
Alyawarr	alya1239	Pama-Nyungan	Australia
Amahuaca	amah1246	Pano-Tacanan	South America
Amanab	aman1265	Border	Papunesia
Amarakaeri	amar1274	Harakmbut	South America
Ama (Sudan)	amas1236	Nyimang	Africa
Ambele	ambe1247	Atlantic-Congo	Africa
Ambonese Malay	ambo1250	Austronesian	Papunesia
Ambulas	ambu1247	Ndu	Papunesia
Amdo Tibetan	amdo1237	Sino-Tibetan	Eurasia
Amele	amel1241	Nuclear Trans New Guinea	Papunesia
Amharic	amha1245	Afro-Asiatic	Africa
Ami	amii1238	Western Daly	Australia
Amo	amoo1242	Atlantic-Congo	Africa
Amundava	amun1246	Tupian	South America
Amurdak	amar1271	Iwaidjan Proper	Australia
Andegerebinha	ande1247	Pama-Nyungan	Australia
Andi	andi1255	Nakh-Daghestanian	Eurasia
Andoa	ando1255	Zaparoan	South America
Andoque	ando1256	isolate	South America
Aneityum	anei1239	Austronesian	Papunesia
Anfillo	anfi1235	Ta-Ne-Omotic	Africa
Angaataha	anga1290	Angan	Papunesia
Angami Naga	anga1288	Sino-Tibetan	Eurasia
Angkamuthi	angg1238	Pama-Nyungan	Australia
Angolar	ango1258	Indo-European	Africa
Anguthimri	angu1242	Pama-Nyungan	Australia
Anii	anii1245	Atlantic-Congo	Africa
Anindilyakwa	anin1240	Gunwinyguan	Australia
Antakarinya	anta1253	Pama-Nyungan	Australia
Antigua and Barbuda Creole English	anti1245	Indo-European	North America
Anuak	anua1242	Nilotic	Africa
Anufo	anuf1239	Atlantic-Congo	Africa
Anyin	anyi1245	Atlantic-Congo	Africa
Anyin Morofo	anyi1244	Atlantic-Congo	Africa
Ao Naga	aona1235	Sino-Tibetan	Eurasia
Apalaí	apal1257	Cariban	South America
Apatani	apat1240	Sino-Tibetan	Eurasia
Apiaká	apia1248	Tupian	South America
Apinayé	apin1244	Nuclear-Macro-Je	South America
Aproumu Aizi	apro1235	Atlantic-Congo	Africa
A-Pucikwar	apuc1241	Great Andamanese	Eurasia
Apurinã	apur1254	Arawakan	South America
Arabana	arab1267	Pama-Nyungan	Australia
Arabela	arab1268	Zaparoan	South America
Aragonese	arag1245	Indo-European	Eurasia
Arandai	aran1237	South Bird's Head Family	Papunesia
Araona	arao1248	Pano-Tacanan	South America
Araweté	araw1273	Tupian	South America
Arbëreshë Albanian	arbe1236	Indo-European	Eurasia
Arbore	arbo1245	Afro-Asiatic	Africa
Archi	arch1244	Nakh-Daghestanian	Eurasia
Argobba	argo1244	Afro-Asiatic	Africa
Arhuaco	arhu1242	Chibchan	South America
Arikapú	arik1265	Nuclear-Macro-Je	South America
Aringa	arin1244	Central Sudanic	Africa
Aritinngitigh	arit1239	Pama-Nyungan	Australia
Asháninka	asha1243	Arawakan	South America
Ashe	ashe1269	Atlantic-Congo	Africa
Ashéninka Perené	ashe1272	Arawakan	South America
Assamese	assa1263	Indo-European	Eurasia
Asturian-Leonese-Cantabrian	astu1245	Indo-European	Eurasia
Atampaya	atam1239	Pama-Nyungan	Australia
Atayal	atay1247	Austronesian	Papunesia
Attié	atti1239	Atlantic-Congo	Africa
Au	auuu1241	Nuclear Torricelli	Papunesia
Avá-Canoeiro	avac1239	Tupian	South America
Avar	avar1256	Nakh-Daghestanian	Eurasia
Avatime	avat1244	Atlantic-Congo	Africa
Avikam	avik1243	Atlantic-Congo	Africa
Avokaya	avok1242	Central Sudanic	Africa
Awabakal	awab1243	Pama-Nyungan	Australia
Awa-Cuaiquer	awac1239	Barbacoan	South America
Awadhi	awad1243	Indo-European	Eurasia
Awara	awar1248	Nuclear Trans New Guinea	Papunesia
Awetí	awet1244	Tupian	South America
Awing	awin1248	Atlantic-Congo	Africa
Awiyaana	awiy1238	Nuclear Trans New Guinea	Papunesia
Awngi	awng1244	Afro-Asiatic	Africa
Awtuw	awtu1239	Sepik	Papunesia
Axi Yi	axiy1235	Sino-Tibetan	Eurasia
Ayacucho Quechua	ayac1239	Quechuan	South America
Ayere	ayer1245	Atlantic-Congo	Africa
Ayerrerenge	ayer1246	Pama-Nyungan	Australia
Ayoreo	ayor1240	Zamucoan	South America
Baangi	baan1242	Atlantic-Congo	Africa
Baatonum	baat1238	Atlantic-Congo	Africa
Baba	baba1264	Atlantic-Congo	Africa
Babanki	baba1266	Atlantic-Congo	Africa
Badaga	bada1257	Dravidian	Eurasia
Bade	bade1248	Afro-Asiatic	Africa
Badimaya	badi1246	Pama-Nyungan	Australia
Bafanji	bafa1249	Atlantic-Congo	Africa
Bafaw-Balong	bafa1247	Atlantic-Congo	Africa
Bafia	bafi1243	Atlantic-Congo	Africa
Bafut	bafu1246	Atlantic-Congo	Africa
Baga Koga	baga1273	Atlantic-Congo	Africa
Baga Sitemu	baga1272	Atlantic-Congo	Africa
Bagirmi	bagi1246	Central Sudanic	Africa
Baima	baim1244	Sino-Tibetan	Eurasia
Baka (Cameroon)	baka1272	Atlantic-Congo	Africa
Bakairí	baka1277	Cariban	South America
Bakaka	baka1273	Atlantic-Congo	Africa
Baka (Sudan)	baka1274	Central Sudanic	Africa
Bakhtiari	bakh1245	Indo-European	Eurasia
Bakoko	bako1249	Atlantic-Congo	Africa
Bakole	bako1250	Atlantic-Congo	Africa
Balanta-Ganja	bala1302	Atlantic-Congo	Africa
Balinese	bali1278	Austronesian	Papunesia
Balti	balt1258	Sino-Tibetan	Eurasia
Bambalang	bamb1265	Atlantic-Congo	Africa
Bambara	bamb1269	Mande	Africa
Bambassi	bamb1262	Blue Nile Mao	Africa
Bamenyam	bame1260	Atlantic-Congo	Africa
Bamun	bamu1253	Atlantic-Congo	Africa
Bamunka	bamu1256	Atlantic-Congo	Africa
Bana	bana1305	Afro-Asiatic	Africa
Banda Malay	band1353	Austronesian	Papunesia
Banda-Ndélé	band1345	Atlantic-Congo	Africa
Bandi	band1352	Mande	Africa
Bandjigali	band1337	Bookkeeping	Australia
Banggarla	bang1339	Pama-Nyungan	Australia
Bangolan	bang1356	Atlantic-Congo	Africa
Baniva de Maroa	guar1293	Arawakan	South America
Baniwa do Icana	bani1255	Arawakan	South America
Bankon	bank1256	Atlantic-Congo	Africa
Baoulé	baou1238	Atlantic-Congo	Africa
Barain	bare1279	Afro-Asiatic	Africa
Barasana-Eduria	bara1380	Tucanoan	South America
Barbareño	barb1263	Chumashan	North America
Bardi	bard1255	Nyulnyulan	Australia
Baré	bare1276	Arawakan	South America
Barí	bari1297	Chibchan	South America
Bariai	bari1286	Austronesian	Papunesia
Barrow Point	barr1247	Pama-Nyungan	Australia
Baruga	baru1269	Nuclear Trans New Guinea	Papunesia
Basa (Cameroon)	basa1284	Atlantic-Congo	Africa
Bashkir	bash1264	Turkic	Eurasia
Basque	basq1248	isolate	Eurasia
Basque, Souletin	basq1250	Basque	Eurasia
Bassa	nucl1418	Atlantic-Congo	Africa
Bassossi	bass1260	Atlantic-Congo	Africa
Batak Karo	bata1293	Austronesian	Papunesia
Batak Toba	bata1289	Austronesian	Papunesia
Batanga	bata1285	Atlantic-Congo	Africa
Bats	bats1242	Nakh-Daghestanian	Eurasia
Baure	baur1253	Arawakan	South America
Bayungu	bayu1240	Pama-Nyungan	Australia
Beembe	beem1239	Atlantic-Congo	Africa
Befang	befa1241	Atlantic-Congo	Africa
Beja	beja1238	Afro-Asiatic	Africa
Bekwarra	bekw1241	Atlantic-Congo	Africa
Belanda Bor	bela1256	Nilotic	Africa
Belanda Viri	bela1255	Atlantic-Congo	Africa
Belhariya	belh1239	Sino-Tibetan	Eurasia
Belize Kriol English	beli1260	Indo-European	North America
Bella Coola	bell1243	Salishan	North America
Bemba (Zambia)	bemb1257	Atlantic-Congo	Africa
Bena (Tanzania)	bena1262	Atlantic-Congo	Africa
Bench	benc1235	Ta-Ne-Omotic	Africa
Beng	beng1286	Mande	Africa
Bengali	beng1280	Indo-European	Eurasia
Berbice Creole Dutch	berb1259	Indo-European	South America
Beria	zagh1240	Saharan	Africa
Berom	bero1242	Atlantic-Congo	Africa
Berta	bert1248	isolate	Africa
Besermyan	bese1243	Uralic	
Besisi	besi1244	Austroasiatic	Eurasia
Besleri	besl1239	Afro-Asiatic	Africa
Betta Kurumba	bett1235	Dravidian	Eurasia
Bhele	bhel1238	Atlantic-Congo	Africa
Bhili	bhil1251	Indo-European	Eurasia
Bhojpuri	bhoj1244	Indo-European	Eurasia
Biak	biak1248	Austronesian	Papunesia
Biali	bial1238	Atlantic-Congo	Africa
Bibbulman	bibb1234	Pama-Nyungan	Australia
Bidyara	bidy1243	Pama-Nyungan	Australia
Bigambal	biga1237	Pama-Nyungan	Australia
Bikele	bike1242	Atlantic-Congo	Africa
Bila	bila1255	Atlantic-Congo	Africa
Bilin	bili1260	Afro-Asiatic	Africa
Bilinarra	bili1250	Pama-Nyungan	Australia
Biloxi	bilo1248	Siouan	North America
Bilua	bilu1245	isolate	Papunesia
Bimoba	bimo1239	Atlantic-Congo	Africa
Binandere	bina1277	Nuclear Trans New Guinea	Papunesia
Binbinka	binb1242	Mirndi	Australia
Bini	bini1246	Atlantic-Congo	Africa
Bininj Kun-Wok	gunw1252	Gunwinyguan	Australia
Binumarien	binu1245	Nuclear Trans New Guinea	Papunesia
Biri	biri1256	Pama-Nyungan	Australia
Birrdhawal	gana1268	Pama-Nyungan	Australia
Bissa	biss1248	Mande	Africa
Blang	blan1242	Austroasiatic	Eurasia
Bodo Gadaba	bodo1267	Austroasiatic	Eurasia
Bodo-Mech	bodo1269	Sino-Tibetan	Eurasia
Boikin	boik1241	Ndu	Papunesia
Boko (Benin)	boko1266	Mande	Africa
Bole	nucl1695	Afro-Asiatic	Africa
Bomitaba	bomi1238	Atlantic-Congo	Africa
Bonan	bona1250	Mongolic	Eurasia
Bondo	bond1245	Austroasiatic	Eurasia
Bongo	bong1285	Central Sudanic	Africa
Bora	bora1263	Boran	South America
Borana-Arsi-Guji Oromo	bora1271	Afro-Asiatic	Africa
Border Kuna	bord1248	Chibchan	South America
Boro (Ethiopia)	boro1277	Ta-Ne-Omotic	Africa
Bororo	boro1282	Bororoan	South America
Bouna Kulango	boun1243	Atlantic-Congo	Africa
Bouyei	bouy1240	Tai-Kadai	Eurasia
Brahui	brah1256	Dravidian	Eurasia
Brao	lave1249	Austroasiatic	Eurasia
Breton	bret1244	Indo-European	Eurasia
Bribri	brib1243	Chibchan	North America
Brokskat	brok1247	Indo-European	Eurasia
Buamu	buam1238	Atlantic-Congo	Africa
Bubia	bubi1249	Bookkeeping	Africa
Budu	budu1250	Atlantic-Congo	Africa
Buginese	bugi1244	Austronesian	Papunesia
Bujhyal	bujh1238	Sino-Tibetan	Eurasia
Bukharic	bukh1238	Indo-European	Eurasia
Bukusu	buku1249	Atlantic-Congo	Africa
Bularnu	bula1255	Pama-Nyungan	Australia
Bulgarian	bulg1262	Indo-European	Eurasia
Buli (Ghana)	buli1254	Atlantic-Congo	Africa
Bulu (Cameroon)	bulu1251	Atlantic-Congo	Africa
Bum	bumm1238	Atlantic-Congo	Africa
Bumbita Arapesh	bumb1241	Nuclear Torricelli	Papunesia
Bunaba	buna1275	Bunaban	Australia
Bundeli	bund1253	Indo-European	Eurasia
Bunganditj	bung1264	Pama-Nyungan	Australia
Buol	buol1237	Austronesian	Papunesia
Burarra	bura1267	Maningrida	Australia
Burduna	burd1238	Pama-Nyungan	Australia
Burji	burj1242	Afro-Asiatic	Africa
Burmese	nucl1310	Sino-Tibetan	Eurasia
Burun	buru1301	Nilotic	Africa
Burushaski	buru1296	isolate	Eurasia
Busa	busa1253	Mande	Africa
Buwal	buwa1243	Afro-Asiatic	Africa
Cabiyarí	cabi1241	Arawakan	South America
Caddo	cadd1256	Caddoan	North America
Cajamarca Quechua	caja1238	Quechuan	South America
Callawalla	call1235	Mixed Language	South America
Campidanese Sardinian	camp1261	Indo-European	Eurasia
Camsá	cams1241	isolate	South America
Candoshi-Shapra	cand1248	isolate	South America
Canela-Krahô	cane1242	Nuclear-Macro-Je	South America
Capanahua	capa1241	Pano-Tacanan	South America
Caquinte	caqu1242	Arawakan	South America
Carapana	cara1272	Tucanoan	South America
Carijona	cari1279	Cariban	South America
Car Nicobarese	carn1240	Austroasiatic	Eurasia
Cashibo-Cacataibo	cash1251	Pano-Tacanan	South America
Cashinahua	cash1254	Pano-Tacanan	South America
Catalan	stan1289	Indo-European	Eurasia
Cavineña	cavi1250	Pano-Tacanan	South America
Cayubaba	cayu1262	isolate	South America
Cebaara Senoufo	ceba1235	Atlantic-Congo	Africa
Cebuano	cebu1242	Austronesian	Papunesia
Central Aymara	cent2142	Aymaran	South America
Central Bai	cent2004	Sino-Tibetan	Eurasia
Central Dagaare	sout2789	Atlantic-Congo	Africa
Central-Eastern Niger Fulfulde	cent2018	Atlantic-Congo	Africa
Central Gelao-Qau	qaua1234	Tai-Kadai	Eurasia
Central Kanuri	cent2050	Saharan	Africa
Central Khmer	cent1989	Austroasiatic	Eurasia
Central Kurdish	cent1972	Indo-European	Eurasia
Central Mazahua	cent2144	Otomanguean	North America
Central Moroccan Berber	cent2194	Afro-Asiatic	Africa
Central Nicobarese	cent1990	Austroasiatic	Eurasia
Central Pashto	cent1973	Indo-European	Eurasia
Central Sama	cent2092	Austronesian	Papunesia
Central Siberian Yupik	cent2128	Eskimo-Aleut	Eurasia
Central Tunebo	cent2150	Chibchan	South America
Cerma	cerm1238	Atlantic-Congo	Africa
Chachapoyas Quechua	chac1250	Quechuan	South America
Chácobo	chac1251	Pano-Tacanan	South America
Chaha	chah1248	Afro-Asiatic	Africa
Chamacoco	cham1315	Zamucoan	South America
Chamicuro	cham1318	Arawakan	South America
Chamorro	cham1312	Austronesian	Papunesia
Chantyal	chan1310	Sino-Tibetan	Eurasia
Cha'palaa	chac1249	Barbacoan	South America
Chaudangsi	chau1259	Sino-Tibetan	Eurasia
Che	chee1238	Atlantic-Congo	Africa
Chechen	chec1245	Nakh-Daghestanian	Eurasia
Chenchu	chen1255	Dravidian	Eurasia
Chepang	chep1245	Sino-Tibetan	Eurasia
Cherepon	cher1271	Atlantic-Congo	Africa
Cherokee	cher1273	Iroquoian	North America
Chibcha	chib1270	Chibchan	South America
Chickasaw	chic1270	Muskogean	North America
Chimalapa Zoque	chim1300	Mixe-Zoque	North America
Chimariko	chim1301	isolate	North America
Chimborazo Highland Quichua	chim1302	Quechuan	South America
Chimila	chim1309	Chibchan	South America
Chipaya	chip1262	Uru-Chipaya	South America
Chipewyan	chip1261	Athabaskan-Eyak-Tlingit	North America
Chiquihuitlán Mazatec	chiq1250	Otomanguean	North America
Chiquitano	chiq1248	isolate	South America
Chiripá	chir1286	Tupian	South America
Choctaw	choc1276	Muskogean	North America
Chokri Naga	chok1243	Sino-Tibetan	Eurasia
Chol	chol1282	Mayan	North America
Cholón	chol1284	Hibito-Cholon	South America
Chong of Chanthaburi	chon1284	Austroasiatic	Eurasia
Chonyi-Dzihana-Kauma	chon1287	Atlantic-Congo	Africa
Chrau	chra1242	Austroasiatic	Eurasia
Chuanqiandian Cluster Miao	chua1256	Bookkeeping	Eurasia
Chuave	chua1250	Nuclear Trans New Guinea	Papunesia
Chukchi	chuk1273	Chukotko-Kamchatkan	Eurasia
Chumburung	chum1261	Atlantic-Congo	Africa
Chuvash	chuv1255	Turkic	Eurasia
Coastal-Naga Bikol	cent2087	Austronesian	Papunesia
Cocama-Cocamilla	coca1259	Tupian	South America
Cocos Islands Malay	coco1260	Austronesian	Papunesia
Coeur d'Alene	coeu1236	Salishan	North America
Cofán	cofa1242	isolate	South America
Cogui	cogu1240	Chibchan	South America
Colac	cola1237	Pama-Nyungan	Australia
Comanche	coma1245	Uto-Aztecan	North America
Comox	como1259	Salishan	North America
Copainalá Zoque	copa1236	Mixe-Zoque	North America
Copi	copi1238	Atlantic-Congo	Africa
Corongo Ancash Quechua	coro1247	Quechuan	South America
Croatian	croa1245	Indo-European	Eurasia
Cross River Mbembe	cros1244	Atlantic-Congo	Africa
Crow	crow1244	Siouan	North America
Cubeo	cube1242	Tucanoan	South America
Cuiba	cuib1242	Guahiboan	South America
Culina	culi1244	Arawan	South America
Cupeño	cupe1243	Uto-Aztecan	North America
Curripaco	curr1243	Arawakan	South America
Cusco Quechua	cusc1236	Quechuan	South America
Cuvok	cuvo1236	Afro-Asiatic	Africa
Czech	czec1258	Indo-European	Eurasia
Daba	nucl1683	Afro-Asiatic	Africa
Dadibi	dadi1250	Teberan	Papunesia
Dagbani	dagb1246	Atlantic-Congo	Africa
Dagik	dagi1241	Narrow Talodi	Africa
Dagur	daur1238	Mongolic	Eurasia
Dahalo	daha1245	Afro-Asiatic	Africa
Dakpakha	dakp1242	Sino-Tibetan	Eurasia
Daloa Bété	dalo1238	Atlantic-Congo	Africa
Dan	dann1241	Mande	Africa
Dangaleat	dang1274	Afro-Asiatic	Africa
Danish	dani1285	Indo-European	Eurasia
Dar Fur Daju	darf1239	Dajuic	Africa
Darkhat	dark1243	Mongolic	Eurasia
Darma	darm1243	Sino-Tibetan	Eurasia
Daungwurrung	daun1234	Pama-Nyungan	Australia
Dâw	daww1239	Nadahup	South America
Dawro	dawr1236	Ta-Ne-Omotic	Africa
Dazaga	daza1242	Saharan	Africa
Defaka	defa1248	Ijoid	Africa
Deg	degg1238	Atlantic-Congo	Africa
Degema	dege1246	Atlantic-Congo	Africa
Deni	deni1241	Arawan	South America
Denya	deny1238	Atlantic-Congo	Africa
Dera (Indonesia)	dera1245	Senagi	Papunesia
Dera (Nigeria)	dera1248	Afro-Asiatic	Africa
Desano	desa1247	Tucanoan	South America
Dghwede	dghw1239	Afro-Asiatic	Africa
Dhalandji	dhal1245	Pama-Nyungan	Australia
Dhalwangu	dhal1246	Pama-Nyungan	Australia
Dhangu	dhan1270	Pama-Nyungan	Australia
Dhargari	dhar1247	Pama-Nyungan	Australia
Dharumbal	dhar1248	Pama-Nyungan	Australia
Dhimal	dhim1246	Sino-Tibetan	Eurasia
Dhivehi	dhiv1236	Indo-European	Eurasia
Dhudhuroa	dhud1236	Pama-Nyungan	Australia
Dhurga	dhur1239	Pama-Nyungan	Australia
Dhuwal	dhuw1249	Pama-Nyungan	Australia
Dibole	dibo1245	Atlantic-Congo	Africa
Didinga	didi1258	Surmic	Africa
Dieri	dier1241	Pama-Nyungan	Australia
Digo	digo1243	Atlantic-Congo	Africa
Digor	digo1242	Indo-European	Eurasia
Dime	dime1235	South Omotic	Africa
Dimli	diml1238	Indo-European	Eurasia
Dinka	dink1262	Nilotic	Africa
Dirari	dira1238	Pama-Nyungan	Australia
Diriku	diri1252	Atlantic-Congo	Africa
Ditammari	dita1238	Atlantic-Congo	Africa
Dizin	dizi1235	Dizoid	Africa
Djabwurrung	djab1234	Pama-Nyungan	Australia
Djadjawurrungic	djad1246	Pama-Nyungan	
Djambarrpuyngu	djam1256	Pama-Nyungan	Australia
Djangun	djan1238	Pama-Nyungan	Australia
Djapu	djap1238	Pama-Nyungan	Australia
Djawi	djaw1238	Nyulnyulan	Australia
Djeebbana	djee1236	Maningrida	Australia
Djeoromitxí	djeo1235	Nuclear-Macro-Je	South America
Djinang	djin1253	Pama-Nyungan	Australia
Djinba	djin1252	Pama-Nyungan	Australia
Djiwarli	djiw1241	Pama-Nyungan	Australia
Dobu	dobu1241	Austronesian	Papunesia
Dolgan	dolg1241	Turkic	Eurasia
Domari	doma1258	Indo-European	Eurasia
Dompo	domp1238	Atlantic-Congo	Africa
Donga Mambila	came1252	Atlantic-Congo	Africa
Dongxiang	dong1285	Mongolic	Eurasia
Doyayo	doya1240	Atlantic-Congo	Africa
Duala	dual1243	Atlantic-Congo	Africa
Dupaninan Agta	dupa1235	Austronesian	Papunesia
Duruma	duru1249	Atlantic-Congo	Africa
Duruwa	duru1236	Dravidian	Eurasia
Dutch	dutc1256	Indo-European	Eurasia
Duungidjawu	duun1241	Pama-Nyungan	Australia
Dyaabugay	dyaa1242	Pama-Nyungan	Australia
Dyaberdyaber	dyab1238	Nyulnyulan	Australia
Dyangadi	dyan1250	Pama-Nyungan	Australia
Dyirbal	dyir1250	Pama-Nyungan	Australia
Dyugun	dyug1238	Nyulnyulan	Australia
Dyula	dyul1238	Mande	Africa
Dzalakha	dzal1238	Sino-Tibetan	Eurasia
Dzongkha	dzon1239	Sino-Tibetan	Eurasia
Dzùùngoo	dzuu1241	Mande	Africa
East-Central Tangkhul Naga	tang1336	Sino-Tibetan	Eurasia
Eastern Anmatyerre	east2380	Pama-Nyungan	Australia
Eastern Armenian	nucl1235	Indo-European	Eurasia
Eastern Arrernte	east2379	Pama-Nyungan	Australia
Eastern Balochi	east2304	Indo-European	Eurasia
Eastern Bolivian Guaraní	east2555	Tupian	South America
Eastern Cham	east2563	Austronesian	Eurasia
Eastern Karaboro	east2398	Atlantic-Congo	Africa
Eastern Low German	nort2627	Indo-European	Eurasia
Eastern Maninkakan	east2426	Mande	Africa
Eastern Mari	east2328	Uralic	Eurasia
Eastern Newari	east2773	Sino-Tibetan	Eurasia
Eastern Ojibwa	east2542	Algic	North America
Eastern Oromo	east2652	Afro-Asiatic	Africa
Eastern Pahari	east1436	Indo-European	Eurasia
Eastern Panjabi	panj1256	Indo-European	Eurasia
Eastern Tamang	east2347	Sino-Tibetan	Eurasia
Eastern Yiddish	east2295	Indo-European	Eurasia
East Kewa	east2516	Nuclear Trans New Guinea	Papunesia
East Latvian	east2282	Indo-European	Eurasia
East Makian	east2440	Austronesian	Papunesia
East Taa	huaa1248	Tuu	Africa
East Yugur	east2337	Mongolic	Eurasia
Ebang	heib1243	Heibanic	Africa
Ebira	ebir1243	Atlantic-Congo	Africa
Efik	efik1245	Atlantic-Congo	Africa
Efutu	efut1241	Atlantic-Congo	Africa
Ega	egaa1242	Atlantic-Congo	Africa
Eggon	eggo1239	Atlantic-Congo	Africa
Egyptian Arabic	egyp1253	Afro-Asiatic	Africa
Ejagham	ejag1239	Atlantic-Congo	Africa
Ekari	ekar1243	Nuclear Trans New Guinea	Papunesia
Ekpeye	ekpe1253	Atlantic-Congo	Africa
Elfdalian	elfd1234	Indo-European	Eurasia
Elip	elip1238	Atlantic-Congo	Africa
Eloyi	eloy1241	Atlantic-Congo	Africa
Emai-Iuleha-Ora	emai1241	Atlantic-Congo	Africa
Emberá-Baudó	embe1259	Chocoan	South America
Emberá-Catío	embe1260	Chocoan	South America
Emberá-Chamí	embe1262	Chocoan	South America
Emerillon	emer1243	Tupian	South America
Enawené-Nawé	enaw1238	Arawakan	South America
Endo	endo1242	Nilotic	Africa
Engenni	enge1239	Atlantic-Congo	Africa
English	stan1293	Indo-European	Eurasia
Epena	epen1239	Chocoan	South America
Erre	erre1238	Giimbiyu	Australia
Ersu	ersu1241	Sino-Tibetan	Eurasia
Erzya	erzy1239	Uralic	Eurasia
Ese Ejja	esee1248	Pano-Tacanan	South America
Esimbi	esim1238	Atlantic-Congo	Africa
Estonian	esto1258	Uralic	Eurasia
Eten	eten1239	Atlantic-Congo	Africa
Eton-Mengisa	eton1253	Atlantic-Congo	Africa
Even	even1260	Tungusic	Eurasia
Evenki	even1259	Tungusic	Eurasia
Ewe	ewee1241	Atlantic-Congo	Africa
Ewondo	ewon1239	Atlantic-Congo	Africa
Eyak	eyak1241	Athabaskan-Eyak-Tlingit	North America
Ezaa	ezaa1238	Atlantic-Congo	Africa
Ezha	ezha1238	Afro-Asiatic	Africa
Faiwol	faiw1243	Nuclear Trans New Guinea	Papunesia
Fali	fali1285	Afro-Asiatic	Africa
Fang (Cameroon)	fang1248	Atlantic-Congo	Africa
Fang (Equatorial Guinea)	fang1246	Atlantic-Congo	Africa
Faroese	faro1244	Indo-European	Eurasia
Fasu	fasu1242	isolate	Papunesia
Fe'fe'	fefe1239	Atlantic-Congo	Africa
Fijian	fiji1243	Austronesian	Papunesia
Filipino	fili1244	Austronesian	Papunesia
Finnish	finn1318	Uralic	Eurasia
Fipa	fipa1238	Atlantic-Congo	Africa
Fon	fonn1241	Atlantic-Congo	Africa
Foodo	food1238	Atlantic-Congo	Africa
Forest Enets	fore1265	Uralic	Eurasia
Forest Nenets	fore1274	Uralic	Eurasia
Frafra	fraf1238	Atlantic-Congo	Africa
French	stan1290	Indo-European	Eurasia
Friulian	friu1240	Indo-European	Eurasia
Fuliiru	fuli1240	Atlantic-Congo	Africa
Fulniô	fuln1247	isolate	South America
Fur	furr1244	Furan	Africa
Furu	furu1242	Central Sudanic	Africa
Fwâi	fwai1237	Austronesian	Papunesia
Fwe	fwee1238	Atlantic-Congo	Africa
Ga	gaaa1244	Atlantic-Congo	Africa
Gaa	gaaa1245	Atlantic-Congo	Africa
Gaagudju	gaga1251	isolate	Australia
Gaam	gaam1241	Eastern Jebel	Africa
Gabigabi	gabi1248	Pama-Nyungan	
Gade Lohar	gade1236	Indo-European	Eurasia
Gadsup	gads1258	Nuclear Trans New Guinea	Papunesia
Gagauz	gaga1249	Turkic	Eurasia
Gagnoa Bété	gagn1235	Atlantic-Congo	Africa
Galibi Carib	gali1262	Cariban	South America
Galician	gali1258	Indo-European	Eurasia
Galo	galo1242	Sino-Tibetan	Eurasia
Gambera	gamb1251	Worrorran	Australia
Gamo	gamo1243	Ta-Ne-Omotic	Africa
Ganai	gana1278	Pama-Nyungan	Australia
Ganda	gand1255	Atlantic-Congo	Africa
Ganggalida	gang1267	Tangkic	Australia
Gangulu	gang1268	Pama-Nyungan	Australia
Garig	gari1254	Iwaidjan Proper	Australia
Garo	garo1247	Sino-Tibetan	Eurasia
Garrwa	gara1269	Garrwan	Australia
Gata'	gata1239	Austroasiatic	Eurasia
Gavar	gava1241	Afro-Asiatic	Africa
Gavião Do Jiparaná	gavi1246	Tupian	South America
Gayo	gayo1244	Austronesian	Papunesia
Gbagyi	gbag1258	Atlantic-Congo	Africa
Gban	gagu1242	Mande	Africa
Gbari	gbar1246	Atlantic-Congo	Africa
Gbaya-Bossangoa	gbay1287	Atlantic-Congo	Africa
Gbaya-Mbodomo	gbay1281	Atlantic-Congo	Africa
Gbaya (Sudan)	gbay1288	Kresh-Aja	Africa
Gbesi Gbe	gbes1238	Atlantic-Congo	Africa
Gen	genn1243	Atlantic-Congo	Africa
Georgian	nucl1302	Kartvelian	Eurasia
German	stan1295	Indo-European	Eurasia
Gheg Albanian	gheg1238	Indo-European	Eurasia
Ghomálá'	ghom1247	Atlantic-Congo	Africa
Gidabal	gida1240	Pama-Nyungan	Australia
Gidar	gida1247	Afro-Asiatic	Africa
Gikyode	giky1238	Atlantic-Congo	Africa
Ginyanga	giny1241	Atlantic-Congo	Africa
Giryama	giry1241	Atlantic-Congo	Africa
Glavda	glav1244	Afro-Asiatic	Africa
Godié	godi1239	Atlantic-Congo	Africa
Godoberi	ghod1238	Nakh-Daghestanian	Eurasia
Golin	goli1247	Nuclear Trans New Guinea	Papunesia
Gonja	gonj1241	Atlantic-Congo	Africa
Gooniyandi	goon1238	Bunaban	Australia
Goreng	gore1235	Pama-Nyungan	Australia
Gorum-Parenga	pare1266	Austroasiatic	Eurasia
Gourmanchéma	gour1243	Atlantic-Congo	Africa
Grass Koiari	gras1249	Koiarian	Papunesia
Guahibo	guah1255	Guahiboan	South America
Guajá	guaj1256	Tupian	South America
Guajajára	guaj1255	Tupian	South America
Guambiano	guam1248	Barbacoan	South America
Guarayu	guar1292	Tupian	South America
Guató	guat1253	isolate	South America
Guayabero	guay1257	Guahiboan	South America
Gudanji	guda1243	Mirndi	Australia
Gude	gude1246	Afro-Asiatic	Africa
Gudjal	gudj1237	Pama-Nyungan	Australia
Guerrero Amuzgo	guer1243	Otomanguean	North America
Gugadj	guga1239	Pama-Nyungan	Australia
Gugu Badhun	gugu1253	Pama-Nyungan	Australia
Gugubera	gugu1254	Pama-Nyungan	Australia
Guinea Kpelle	guin1254	Mande	Africa
Gujarati	guja1252	Indo-European	Eurasia
Gujari	guja1253	Indo-European	Eurasia
Gumatj	guma1253	Pama-Nyungan	Australia
Gumer	gume1239	Afro-Asiatic	Africa
Gundungurra	gund1248	Pama-Nyungan	Australia
Gungabula	gung1248	Pama-Nyungan	Australia
Gunya	guny1241	Pama-Nyungan	Australia
Gupapuyngu	gupa1247	Pama-Nyungan	Australia
Guragone	gura1252	Maningrida	Australia
Gurdjar	gurd1238	Pama-Nyungan	Australia
Gureng Gureng	gure1255	Pama-Nyungan	Australia
Gurindji	guri1247	Pama-Nyungan	Australia
Guro	guro1248	Mande	Africa
Gurung	guru1261	Sino-Tibetan	Eurasia
Guugu Yimidhirr	gugu1255	Pama-Nyungan	Australia
Guwa	guwa1242	Pama-Nyungan	Australia
Guwamu	guwa1243	Pama-Nyungan	Australia
Guwar	guwa1244	Pama-Nyungan	Australia
Gwandara	gwan1268	Afro-Asiatic	Africa
Gweno	gwen1239	Atlantic-Congo	Africa
Hadiyya	hadi1240	Afro-Asiatic	Africa
Hadza	hadz1240	isolate	Africa
Hainyaxo Bozo	hain1253	Mande	Africa
Hai//om	haio1238	Khoe-Kwadi	Africa
Haka Chin	haka1240	Sino-Tibetan	Eurasia
Hakka Chinese	hakk1236	Sino-Tibetan	Eurasia
Halbi	halb1244	Indo-European	Eurasia
Halh Mongolian	halh1238	Mongolic	Eurasia
Halkomelem	halk1245	Salishan	North America
Hamer-Banna	hame1242	South Omotic	Africa
Hanga	hang1258	Atlantic-Congo	Africa
Hanga Hundi	hang1263	Ndu	Papunesia
Hangaza	hang1260	Atlantic-Congo	Africa
Harari	hara1271	Afro-Asiatic	Africa
Hausa	haus1257	Afro-Asiatic	Africa
Hausa States Fulfulde	nige1253	Atlantic-Congo	Africa
Hawaiian	hawa1245	Austronesian	Papunesia
Hawkesbury	hawk1239	Pama-Nyungan	Australia
Haya	haya1250	Atlantic-Congo	Africa
Hdi	hdii1240	Afro-Asiatic	Africa
Herero	here1253	Atlantic-Congo	Africa
Hiligaynon	hili1240	Austronesian	Papunesia
Hills Karbi	karb1241	Sino-Tibetan	Eurasia
Hindi	hind1269	Indo-European	Eurasia
Hixkaryána	hixk1239	Cariban	South America
Hmong Njua	hmon1264	Hmong-Mien	Eurasia
Ho	hooo1248	Austroasiatic	Eurasia
Hoava	hoav1238	Austronesian	Papunesia
Hokkaido Ainu	ainu1240	Ainu	Eurasia
Holoholo	holo1240	Atlantic-Congo	Africa
Hopi	hopi1249	Uto-Aztecan	North America
Hoti	yuwa1244	Jodi-Saliban	South America
Huallaga Huánuco Quechua	hual1241	Quechuan	South America
Huamalíes-Dos de Mayo Huánuco Quechua	huam1248	Quechuan	South America
Huambisa	huam1247	Chicham	South America
Huarijio	huar1255	Uto-Aztecan	North America
Huastec	huas1242	Mayan	North America
Huaylas Ancash Quechua	huay1240	Quechuan	South America
Huba	huba1236	Afro-Asiatic	Africa
Huehuetla Tepehua	hueh1236	Totonacan	North America
Huichol	huic1243	Uto-Aztecan	North America
Humla	huml1238	Sino-Tibetan	Eurasia
Hungana-Saamba	hung1278	Atlantic-Congo	Africa
Hungarian	hung1274	Uralic	Eurasia
Hunzib	hunz1247	Nakh-Daghestanian	Eurasia
Hupa	hupa1239	Athabaskan-Eyak-Tlingit	North America
Hupdë	hupd1244	Nadahup	South America
Huron	huro1249	Iroquoian	North America
Iaai	iaai1238	Austronesian	Papunesia
Iban	iban1264	Austronesian	Papunesia
Ibani	iban1261	Ijoid	Africa
Ibibio	ibib1240	Atlantic-Congo	Africa
Icelandic	icel1247	Indo-European	Eurasia
Ida'an	idaa1241	Austronesian	Papunesia
Idoma	idom1241	Atlantic-Congo	Africa
Ifè	ifee1241	Atlantic-Congo	Africa
Igbo	nucl1417	Atlantic-Congo	Africa
Igede	iged1239	Atlantic-Congo	Africa
Ignaciano	igna1246	Arawakan	South America
Igo	igoo1238	Atlantic-Congo	Africa
Ik	ikkk1242	Kuliak	Africa
Ikalanga	ikal1242	Atlantic-Congo	Africa
Ikaranggal	ikar1243	Pama-Nyungan	Australia
Ikpeng	ikpe1245	Cariban	South America
Ikwere	ikwe1242	Atlantic-Congo	Africa
Ikwo	ikwo1238	Atlantic-Congo	Africa
Ilgar	ilga1238	Iwaidjan Proper	Australia
Iloko	ilok1237	Austronesian	Papunesia
Imbabura Highland Quichua	imba1240	Quechuan	South America
Imonda	imon1245	Border	Papunesia
Iñapari	inap1243	Arawakan	South America
Indonesian	indo1316	Austronesian	Papunesia
Indonesian Bajau	indo1317	Austronesian	Papunesia
Inga	inga1252	Quechuan	South America
Ingush	ingu1240	Nakh-Daghestanian	Eurasia
Inor	inor1238	Afro-Asiatic	Africa
Iquito	iqui1243	Zaparoan	South America
Irántxe-Münkü	iran1263	isolate	South America
Iraqw	iraq1241	Afro-Asiatic	Africa
Irarutu	irar1238	Austronesian	Papunesia
Irigwe	irig1241	Atlantic-Congo	Africa
Irish	iris1253	Indo-European	Eurasia
Irula of the Nilgiri	irul1243	Dravidian	Eurasia
I'saka	kris1246	Sko	Papunesia
Isebe	iseb1246	Nuclear Trans New Guinea	Papunesia
Ishkashimi	ishk1246	Indo-European	Eurasia
Island Carib	isla1278	Arawakan	North America
Isoko	isok1239	Atlantic-Congo	Africa
Isthmus Zapotec	isth1244	Otomanguean	North America
Italian	ital1282	Indo-European	Eurasia
Itbayat	ivat1242	Austronesian	Papunesia
Itelmen	itel1242	Chukotko-Kamchatkan	Eurasia
Itonama	iton1250	isolate	South America
Iu Mien	iumi1238	Hmong-Mien	Eurasia
Iwaidja	iwai1244	Iwaidjan Proper	Australia
Iwam	iwam1256	Sepik	Papunesia
Iyive	iyiv1238	Atlantic-Congo	Africa
Iyo'wujwa Chorote	iyow1239	Matacoan	South America
Izere	izer1241	Atlantic-Congo	Africa
Izi	izii1239	Atlantic-Congo	Africa
Izon	izon1238	Ijoid	Africa
Jaad-Badyara	bady1239	Atlantic-Congo	Africa
Jah Hut	jahh1242	Austroasiatic	Eurasia
Jamaican Creole English	jama1262	Indo-European	North America
Jaminjung-Ngaliwurru	djam1255	Mirndi	Australia
Jamsay Dogon	jams1239	Dogon	Africa
Jandai	jand1248	Pama-Nyungan	Australia
Japanese	nucl1643	Japonic	Eurasia
Japhug	japh1234	Sino-Tibetan	Eurasia
Japrería	japr1238	Cariban	South America
Jaqaru	jaqa1244	Aymaran	South America
Jaru	jaru1254	Pama-Nyungan	Australia
Jauja Wanca Quechua	jauj1238	Quechuan	South America
Jaunsari	jaun1243	Indo-European	Eurasia
Javanese	java1254	Austronesian	Papunesia
Jawoyn	djau1244	Gunwinyguan	Australia
Jebero	jebe1250	Cahuapanan	South America
Jennu Kurumba	jenn1240	Dravidian	Eurasia
Jere	jere1244	Atlantic-Congo	Africa
Jerriais	jerr1238	Indo-European	Eurasia
Jibbali	sheh1240	Afro-Asiatic	Eurasia
Jicarilla Apache	jica1244	Athabaskan-Eyak-Tlingit	North America
Jingulu	djin1251	Mirndi	Australia
Jita	jita1239	Atlantic-Congo	Africa
Jola-Esulalu	jola1262	Atlantic-Congo	Africa
Jola-Fonyi	jola1263	Atlantic-Congo	Africa
Jowulu	jowu1238	Mande	Africa
Juang	juan1238	Austroasiatic	Eurasia
Judeo-Tat	jude1256	Indo-European	Eurasia
Júma	juma1249	Tupian	South America
Jumjum	jumj1238	Nilotic	Africa
Jungle Inga	jung1240	Quechuan	South America
Jur Modo	jurm1239	Central Sudanic	Africa
Jurúna	juru1256	Tupian	South America
Kabardian	kaba1278	Abkhaz-Adyge	Eurasia
Kabikabi	kabi1260	Pama-Nyungan	Australia
Kabiyé	kabi1261	Atlantic-Congo	Africa
Kabuverdianu	kabu1256	Indo-European	Africa
Kabyle	kaby1243	Afro-Asiatic	Africa
Kadiwéu	kadi1248	Guaicuruan	South America
Kafa	kafa1242	Ta-Ne-Omotic	Africa
Kagulu	kagu1239	Atlantic-Congo	Africa
Kahe	kahe1238	Atlantic-Congo	Africa
Kaingang	kain1272	Nuclear-Macro-Je	South America
Kaiwá	kaiw1246	Tupian	South America
Kakabe	kaka1265	Mande	Africa
Kako	kako1242	Atlantic-Congo	Africa
Kakua	cacu1241	Kakua-Nukak	South America
Kalaallisut	kala1399	Eskimo-Aleut	Eurasia
Kalaamaya	kala1401	Pama-Nyungan	Australia
Kalabari	kala1381	Ijoid	Africa
Kala Lagaw Ya	kala1377	Pama-Nyungan	Papunesia
Kalali	kala1380	Pama-Nyungan	Australia
Kalarko	kala1379	Pama-Nyungan	Australia
Kalaw Kawaw	kala1378	Pama-Nyungan	Australia
Kaliai	kali1299	Austronesian	Papunesia
Kalkutung	kalk1246	Pama-Nyungan	Australia
Kamang	kama1365	Timor-Alor-Pantar	Papunesia
Kamasau	kama1367	Nuclear Torricelli	Papunesia
Kamas-Koibal	kama1351	Uralic	Eurasia
Kamayurá	kama1373	Tupian	South America
Kambaata	kamb1316	Afro-Asiatic	Africa
Kamba (Kenya)	kamb1297	Atlantic-Congo	Africa
Kambe	kamb1298	Atlantic-Congo	Africa
Kambera	kamb1299	Austronesian	Papunesia
Kamwe	kamw1239	Afro-Asiatic	Africa
Kanga	kang1288	Kadugli-Krongo	Africa
Kangaki-Kagbaaga-Kajoko Bidyogo	bidy1244	Atlantic-Congo	Africa
Kangjia	kang1281	Mongolic	Eurasia
Kangri	kang1280	Indo-European	Eurasia
Kaniyang	kani1276	Pama-Nyungan	Australia
Kannada	nucl1305	Dravidian	Eurasia
Kanoê	kano1245	isolate	South America
Karadjeri	kara1476	Pama-Nyungan	Australia
Karaim	kara1464	Turkic	Eurasia
Karajá	kara1500	Nuclear-Macro-Je	South America
Kara-Kalpak	kara1467	Turkic	Eurasia
Karamojong	kara1483	Nilotic	Africa
Karang	kara1478	Atlantic-Congo	Africa
Karangura	kara1508	Pama-Nyungan	
Karata	kara1474	Nakh-Daghestanian	Eurasia
Kare (Central African Republic)	kare1338	Atlantic-Congo	Africa
Karelian	kare1335	Uralic	Eurasia
Karipúna Creole French	kari1301	Indo-European	South America
Karirí-Xocó	kari1255	Unclassifiable	South America
Karitiâna	kari1311	Tupian	South America
Kariyarra	kari1304	Pama-Nyungan	Australia
Karo	karo1306	Tupian	South America
Karok	karo1304	isolate	North America
Kartujarra	kart1247	Pama-Nyungan	Australia
Kasem	kase1253	Atlantic-Congo	Africa
Kashmiri	kash1277	Indo-European	Eurasia
Katcha	katc1250	Kadugli-Krongo	Africa
Katcha-Kadugli-Miri	katc1249	Kadugli-Krongo	Africa
Kathmandu Valley Newari	newa1246	Sino-Tibetan	Eurasia
Katukína	nucl1668	Bookkeeping	South America
Kauma	kaum1238	Atlantic-Congo	Africa
Kaurna	kaur1267	Pama-Nyungan	Australia
Kawaiisu	kawa1283	Uto-Aztecan	North America
Kawarrang-Ogh Undjan	kawa1290	Pama-Nyungan	Australia
Kaxararí	kaxa1239	Pano-Tacanan	South America
Kaxuiâna	kaxu1237	Cariban	South America
Kayabí	kaya1329	Tupian	South America
Kayapó	kaya1330	Nuclear-Macro-Je	South America
Kayardild	kaya1319	Tangkic	Australia
Kaytetye	kayt1238	Pama-Nyungan	Australia
Kazym-Berezover-Suryskarer Khanty	khan1273	Uralic	Eurasia
Kedayan	keda1250	Austronesian	Papunesia
Keiga	keig1242	Kadugli-Krongo	Africa
Kekchí	kekc1242	Mayan	North America
Kela (Papua New Guinea)	kela1255	Austronesian	Papunesia
Kele-Foma	kele1255	Atlantic-Congo	Africa
Keliko	keli1248	Central Sudanic	Africa
Kemezung	keme1240	Atlantic-Congo	Africa
Kenswei Nsei	kens1251	Atlantic-Congo	Africa
Kenyang	keny1279	Atlantic-Congo	Africa
Ke'o	keoo1238	Austronesian	Papunesia
Kera	kera1255	Afro-Asiatic	Africa
Keramin	kera1256	Pama-Nyungan	
Ket	kett1243	Yeniseian	Eurasia
Kete	kete1252	Atlantic-Congo	Africa
Kgalagadi	kgal1244	Atlantic-Congo	Africa
Khakas	khak1248	Turkic	Eurasia
Khalkhal	khal1271	Indo-European	Eurasia
Khams Tibetan	kham1282	Sino-Tibetan	Eurasia
Kharia	khar1287	Austroasiatic	Eurasia
Khasi	khas1269	Austroasiatic	Eurasia
Khezha Naga	khez1235	Sino-Tibetan	Eurasia
Khithaulhu	khit1238	Nambiquaran	South America
Khmu	khmu1256	Austroasiatic	Eurasia
K'iche'	kich1262	Mayan	North America
Kikuyu	kiku1240	Atlantic-Congo	Africa
Kildin Saami	kild1236	Uralic	Eurasia
Kimaama	kima1246	Kolopom	Papunesia
Kimaragang	kima1244	Austronesian	Papunesia
Kinikinao	guan1270	Arawakan	South America
Kinnauri	kinn1249	Sino-Tibetan	Eurasia
Kinyarwanda	kiny1244	Atlantic-Congo	Africa
Kiowa	kiow1266	Kiowa-Tanoan	North America
Kipsigis	kips1239	Nilotic	Africa
Kirghiz	kirg1245	Turkic	Eurasia
Kirike	kiri1254	Ijoid	Africa
Kisa	kisa1263	Atlantic-Congo	Africa
Kistane	kist1241	Afro-Asiatic	Africa
Kita Maninkakan	kita1249	Mande	Africa
Kitja	kitj1240	Jarrakan	Australia
Kituba (Congo)	kitu1245	Atlantic-Congo	Africa
Kituba (Democratic Republic of Congo)	kitu1246	Atlantic-Congo	Africa
Klamath-Modoc	klam1254	isolate	North America
Klao	klao1243	Atlantic-Congo	Africa
Kman	miju1243	Sino-Tibetan	Eurasia
Koalib-Rere	koal1240	Heibanic	Africa
Koasati	koas1236	Muskogean	North America
Kodava	koda1255	Dravidian	Eurasia
Koho	koho1244	Austroasiatic	Eurasia
Kohumono	kohu1244	Atlantic-Congo	Africa
Kokata	koka1244	Pama-Nyungan	Australia
Kok Borok	kokb1239	Sino-Tibetan	Eurasia
Kok-Nar	kokn1236	Pama-Nyungan	Australia
Kokota	koko1269	Austronesian	Papunesia
Kom (Cameroon)	komc1235	Atlantic-Congo	Africa
Komi-Permyak	komi1269	Uralic	Eurasia
Komi-Yazva	komi1277	Uralic	Eurasia
Komi-Zyrian	komi1268	Uralic	Eurasia
Komo (Democratic Republic of Congo)	komo1260	Atlantic-Congo	Africa
Komo (Sudan)	komo1258	Koman	Africa
Konda	kond1303	Konda-Yahadian	Papunesia
Konda-Dora	kond1295	Dravidian	Eurasia
Konkomba	konk1269	Atlantic-Congo	Africa
Konni	konn1242	Atlantic-Congo	Africa
Koonzime	koon1245	Atlantic-Congo	Africa
Koorete	koor1239	Ta-Ne-Omotic	Africa
Korafe	kora1295	Nuclear Trans New Guinea	Papunesia
Korean	kore1280	Koreanic	Eurasia
Koreguaje	kore1283	Tucanoan	South America
Korku	kork1243	Austroasiatic	Eurasia
Korra Koraga	korr1238	Dravidian	Eurasia
Korubo	koru1247	Pano-Tacanan	South America
Koryak	kory1246	Chukotko-Kamchatkan	Eurasia
Koshin	kosh1246	Atlantic-Congo	Africa
Kotafon Gbe	kota1272	Atlantic-Congo	Africa
Kota (India)	kota1263	Dravidian	Eurasia
Kotiria	guan1269	Tucanoan	South America
Koya	koya1251	Dravidian	Eurasia
Koyaga	koya1253	Mande	Africa
Koyraboro Senni Songhai	koyr1242	Songhay	Africa
Koyra Chiini Songhay	koyr1240	Songhay	Africa
Kpan	kpan1246	Atlantic-Congo	Africa
Krache	krac1238	Atlantic-Congo	Africa
Krahô	krah1246	Nuclear-Macro-Je	South America
Krenak	kren1239	Nuclear-Macro-Je	South America
Krikati-Timbira	krik1239	Nuclear-Macro-Je	South America
Krim	krim1238	Atlantic-Congo	Africa
Krio	krio1253	Indo-European	Africa
Krongo	kron1241	Kadugli-Krongo	Africa
Kru Pidgin English	libe1240	Pidgin	Africa
Ksingmul	puoc1238	Austroasiatic	Eurasia
Kuanyama	kuan1247	Atlantic-Congo	Africa
Kuay	kuay1244	Austroasiatic	Eurasia
Kui (India)	kuii1252	Dravidian	Eurasia
Kuikúro-Kalapálo	kuik1246	Cariban	South America
Kukatja	kuka1246	Pama-Nyungan	Australia
Kuku-Yalanji	kuku1273	Pama-Nyungan	Australia
Kulung (Nepal)	kulu1253	Sino-Tibetan	Eurasia
Kumaoni	kuma1273	Indo-European	Eurasia
Kumbainggar	kumb1268	Pama-Nyungan	Australia
Kumyk	kumy1244	Turkic	Eurasia
Kumzari	kumz1235	Indo-European	Eurasia
Kunama	kuna1268	isolate	Africa
Kundjeyhmi	gund1246	Gunwinyguan	Australia
Kune	gune1238	Gunwinyguan	Australia
Kungarakany	kung1259	isolate	Australia
Kunggari	kung1258	Pama-Nyungan	Australia
Kunigami	kuni1268	Japonic	Eurasia
Kunimaipa	kuni1267	Goilalan	Papunesia
Kuninjku	mura1269	Gunwinyguan	Australia
Kunjen	kunj1245	Pama-Nyungan	Australia
Kunwinjku	guma1252	Gunwinyguan	Australia
Kunyi	kuny1238	Atlantic-Congo	Africa
Kunza	kunz1244	isolate	South America
Kuo	kuoo1238	Atlantic-Congo	Africa
Kuot	kuot1243	isolate	Papunesia
Kupang Malay	kupa1239	Austronesian	Papunesia
Kupsabiny	kups1238	Nilotic	Africa
Kuranko	kura1250	Mande	Africa
Kuria	kuri1259	Atlantic-Congo	Africa
Kurrama	kurr1243	Pama-Nyungan	Australia
Kurtokha	kurt1248	Sino-Tibetan	Eurasia
Kuruáya	kuru1309	Tupian	South America
Kurukh	kuru1302	Dravidian	Eurasia
Kusaal	kusa1250	Atlantic-Congo	Africa
Kusunda	kusu1250	isolate	Eurasia
Kutep	kute1248	Atlantic-Congo	Africa
Kuthant	kuth1240	Pama-Nyungan	Australia
Kuuku-Ya'u	kuuk1238	Pama-Nyungan	Australia
Kuungkari of Barcoo River	kuun1236	Pama-Nyungan	Australia
Kuvi	kuvi1243	Dravidian	Eurasia
Kuwaataay	kuwa1246	Atlantic-Congo	Africa
Kwaio	kwai1243	Austronesian	Papunesia
Kwak'wala	kwak1269	Wakashan	North America
Kwama	kwam1249	Koman	Africa
Kwambi	kwam1251	Atlantic-Congo	Africa
Kwami	kwam1250	Atlantic-Congo	Africa
Kwangali	kwan1273	Atlantic-Congo	Africa
Kwanja	kwan1276	Atlantic-Congo	Africa
Kwaya	kway1241	Atlantic-Congo	Africa
Kwaza	kwaz1243	isolate	South America
Kwese	kwes1244	Atlantic-Congo	Africa
Kwini	kwin1241	Worrorran	Australia
Kwoma	kwom1262	Sepik	Papunesia
Kyenga	kyen1242	Mande	Africa
Kyerung	kyer1238	Sino-Tibetan	Eurasia
Ladino	ladi1251	Indo-European	Eurasia
Ladji Ladji	ladj1234	Pama-Nyungan	Australia
Lagwan	lagw1237	Afro-Asiatic	Africa
Lahu	lahu1253	Sino-Tibetan	Eurasia
Lak	lakk1252	Nakh-Daghestanian	Eurasia
Lake Miwok	lake1258	Miwok-Costanoan	North America
Lakkia	lakk1238	Tai-Kadai	Eurasia
Lakota	lako1247	Siouan	North America
Lakota Dida	lako1244	Atlantic-Congo	Africa
Lamalama	lamu1254	Pama-Nyungan	Australia
Lamang	lama1288	Afro-Asiatic	Africa
Lama (Togo)	lama1275	Atlantic-Congo	Africa
Lambadi	lamb1269	Indo-European	Eurasia
Lambayeque Quechua	lamb1276	Quechuan	South America
Lamjung-Melamchi Yolmo	hela1238	Sino-Tibetan	Eurasia
Lamnso'	lamn1239	Atlantic-Congo	Africa
Langi	lang1320	Atlantic-Congo	Africa
Lango (Sudan)	lang1322	Nilotic	Africa
Lango (Uganda)	lang1324	Nilotic	Africa
Lao	laoo1244	Tai-Kadai	Eurasia
Laragia	lara1258	isolate	Australia
Larantuka Malay	lara1260	Austronesian	Papunesia
Lardil	lard1243	Tangkic	Australia
Latundê	latu1238	Nambiquaran	South America
Lavukaleve	lavu1241	isolate	Papunesia
Laz	lazz1240	Kartvelian	Eurasia
Lealao Chinantec	leal1235	Otomanguean	North America
Leco	leco1242	isolate	South America
Lega-Shabunda	lega1249	Atlantic-Congo	Africa
Legbo	legb1242	Atlantic-Congo	Africa
Leh-Kenhat	lada1244	Sino-Tibetan	Eurasia
Lele (Chad)	lele1276	Afro-Asiatic	Africa
Lele (Guinea)	lele1266	Mande	Africa
Lelemi	lele1264	Atlantic-Congo	Africa
Lemeting	bela1260	Austronesian	Papunesia
Lenakel	lena1238	Austronesian	Papunesia
Lendu	lend1245	Central Sudanic	Africa
Lengola	leng1258	Atlantic-Congo	Africa
Lepcha	lepc1244	Sino-Tibetan	Eurasia
Lese	lese1243	Central Sudanic	Africa
Leti (Indonesia)	leti1246	Austronesian	Papunesia
Lezgian	lezg1247	Nakh-Daghestanian	Eurasia
Liberia Kpelle	libe1247	Mande	Africa
Libyan Arabic	liby1240	Afro-Asiatic	Africa
Ligbi	ligb1244	Mande	Africa
Ligurian	ligu1248	Indo-European	Eurasia
Lijili	liji1238	Atlantic-Congo	Africa
Liko	lika1243	Atlantic-Congo	Africa
Limbum	limb1268	Atlantic-Congo	Africa
Limilngan	nucl1327	Limilngan-Wulna	Australia
Lingala	ling1263	Atlantic-Congo	Africa
Linngithigh	leni1238	Pama-Nyungan	Australia
Lishán Didán	lish1246	Afro-Asiatic	Eurasia
Lisu	lisu1250	Sino-Tibetan	Eurasia
Lithuanian	lith1251	Indo-European	Eurasia
Liv	livv1244	Uralic	Eurasia
Lizu	lizu1234	Sino-Tibetan	Eurasia
Logba	logb1245	Atlantic-Congo	Africa
Logo	logo1259	Central Sudanic	Africa
Loko	loko1255	Mande	Africa
Lokono	araw1276	Arawakan	South America
Loma (Liberia)	loma1260	Mande	Africa
Longchuan Achang	acha1249	Sino-Tibetan	Eurasia
Longto	long1387	Atlantic-Congo	Africa
Loniu	loni1238	Austronesian	Papunesia
Lotha Naga	loth1237	Sino-Tibetan	Eurasia
Lowa	lowa1242	Sino-Tibetan	Eurasia
Lower Grand Valley Dani	lowe1415	Nuclear Trans New Guinea	Papunesia
Lower Riverland	lowe1402	Pama-Nyungan	Australia
Lower Sorbian	lowe1385	Indo-European	Eurasia
Lower Southern Aranda	lowe1436	Pama-Nyungan	Australia
Loxicha Zapotec	loxi1235	Otomanguean	North America
Lü	luuu1242	Tai-Kadai	Eurasia
Luchazi	luch1239	Atlantic-Congo	Africa
Lugbara	lugb1240	Central Sudanic	Africa
Luiseno	luis1253	Uto-Aztecan	North America
Lukpa	lukp1238	Atlantic-Congo	Africa
Lumun	lumu1239	Narrow Talodi	Africa
Lunda	lund1266	Atlantic-Congo	Africa
Luo (Kenya and Tanzania)	luok1236	Nilotic	Africa
Lusi	lusi1240	Austronesian	Papunesia
Luthigh	luth1234	Pama-Nyungan	
Luvale	luva1239	Atlantic-Congo	Africa
Luwo	luwo1239	Nilotic	Africa
Luxembourgish	luxe1241	Indo-European	Eurasia
Luyi	luya1241	Atlantic-Congo	Africa
Lyélé	lyel1241	Atlantic-Congo	Africa
Maasina Fulfulde	maas1239	Atlantic-Congo	Africa
Maay	maay1238	Afro-Asiatic	Africa
Mabaan	maba1273	Nilotic	Africa
Maba (Chad)	maba1277	Maban	Africa
Maca	maca1260	Matacoan	South America
Macaguán	maca1259	Guahiboan	South America
Macedonian	mace1250	Indo-European	Eurasia
Machame	mach1266	Atlantic-Congo	Africa
Machiguenga	mach1267	Arawakan	South America
Machinere	mach1268	Arawakan	South America
Macuna	macu1260	Tucanoan	South America
Macushi	macu1259	Cariban	South America
Mada (Cameroon)	mada1293	Afro-Asiatic	Africa
Mada (Nigeria)	mada1282	Atlantic-Congo	Africa
Madhi Madhi	madh1244	Pama-Nyungan	Australia
Ma'di	madi1260	Central Sudanic	Africa
Madi	jama1261	Arawan	South America
Madi (Papua New Guinea)	madi1261	Nuclear Trans New Guinea	Papunesia
Madngele	madn1237	Eastern Daly	Australia
Madurese	nucl1460	Austronesian	Papunesia
Mafea	mafe1237	Austronesian	Papunesia
Magahi	maga1260	Indo-European	Eurasia
Maharashtrian Konkani	konk1267	Indo-European	Eurasia
Maijiki	orej1242	Tucanoan	South America
Maithili	mait1250	Indo-European	Eurasia
Makaa	maka1304	Atlantic-Congo	Africa
Makasar	maka1311	Austronesian	Papunesia
Makonde	mako1251	Atlantic-Congo	Africa
Makuráp	maku1278	Tupian	South America
Mal	mall1246	Austroasiatic	Eurasia
Malayalam	mala1464	Dravidian	Eurasia
Malayo	mala1522	Chibchan	South America
Malgana	malg1242	Pama-Nyungan	Australia
Malngin	maln1239	Pama-Nyungan	Australia
Maltese	malt1254	Afro-Asiatic	Eurasia
Malyangapa	maly1234	Pama-Nyungan	Australia
Mam	mamm1241	Mayan	North America
Mamaindé	mama1278	Nambiquaran	South America
Mamara Senoufo	mama1271	Atlantic-Congo	Africa
Mambai	mamb1294	Atlantic-Congo	Africa
Mambwe-Lungu	mamb1296	Atlantic-Congo	Africa
Mampruli	mamp1244	Atlantic-Congo	Africa
Manado Malay	mala1481	Austronesian	Papunesia
Manam	mana1295	Austronesian	Papunesia
Manange	mana1288	Sino-Tibetan	Eurasia
Manchu	manc1252	Tungusic	Eurasia
Mandarin Chinese	mand1415	Sino-Tibetan	Eurasia
Mandinka	mand1436	Mande	Africa
Mangala	mang1383	Pama-Nyungan	Australia
Mangarrayi	mang1381	Mangarrayi-Maran	Australia
Mangbetu	mang1394	Central Sudanic	Africa
Mangerr	mang1382	Giimbiyu	Australia
Manipuri	mani1292	Sino-Tibetan	Eurasia
Mann	mann1248	Mande	Africa
Manya	many1261	Mande	Africa
Manyallaluk Mayali	naia1238	Gunwinyguan	Australia
Manyjilyjara	many1256	Pama-Nyungan	Australia
Mao Naga	maon1238	Sino-Tibetan	Eurasia
Maori	maor1246	Austronesian	Papunesia
Mapoyo	mapo1246	Cariban	South America
Mapudungun	mapu1245	Araucanian	South America
Maquiritari	maqu1238	Cariban	South America
Maranao	mara1404	Austronesian	Papunesia
Maranunggu	mara1386	Western Daly	Australia
Marathi	mara1378	Indo-European	Eurasia
Margany	marg1253	Pama-Nyungan	Australia
Marghi Central	marg1265	Afro-Asiatic	Africa
Margu	marg1251	Marrku-Wurrugu	Australia
Marimanindji	mari1417	Western Daly	Australia
Maringarr	mari1419	Western Daly	Australia
Marithiel	mari1424	Western Daly	Australia
Marra	mara1385	Mangarrayi-Maran	Australia
Marti Ke	mart1254	Western Daly	Australia
Martuthunira	mart1255	Pama-Nyungan	Australia
Marwari (India)	marw1260	Indo-European	Eurasia
Masaaba	masa1299	Atlantic-Congo	Africa
Masai	masa1300	Nilotic	Africa
Masalit	nucl1440	Maban	Africa
Matbat	matb1237	Austronesian	Papunesia
Matís	mati1255	Pano-Tacanan	South America
Mato Grosso Arára	mato1253	isolate	South America
Matsés	mats1244	Pano-Tacanan	South America
Matumbi	matu1259	Atlantic-Congo	Africa
Mawa (Chad)	mawa1270	Afro-Asiatic	Africa
Mawng	maun1240	Iwaidjan Proper	Australia
Maxakalí	maxa1247	Nuclear-Macro-Je	South America
Mayaguduna	maya1280	Pama-Nyungan	Australia
Maybrat-Karon	maib1239	isolate	Papunesia
Mayi-Kulan	mayi1236	Pama-Nyungan	Australia
Mayi-Yapi	mayi1235	Pama-Nyungan	Australia
Mayogo	mayo1261	Atlantic-Congo	Africa
Mazanderani	maza1291	Indo-European	Eurasia
Mba	mbaa1245	Atlantic-Congo	Africa
Mbabaram	mbab1239	Pama-Nyungan	Australia
Mbalanhu	mbal1255	Atlantic-Congo	Africa
Mbara-Yanga	mbar1254	Pama-Nyungan	Australia
Mbay	mbay1241	Central Sudanic	Africa
Mbe	mbee1249	Atlantic-Congo	Africa
Mbe'	mbee1250	Atlantic-Congo	Africa
Mbiywom	mbiy1238	Pama-Nyungan	Australia
Mbo (Cameroon)	mboc1235	Atlantic-Congo	Africa
Mbuko	mbuk1243	Afro-Asiatic	Africa
Mbukushu	mbuk1240	Atlantic-Congo	Africa
Mbum	mbum1254	Atlantic-Congo	Africa
Mbyá Guaraní	mbya1239	Tupian	South America
Medumba	medu1238	Atlantic-Congo	Africa
Me'en	meen1242	Surmic	Africa
Mehináku	mehi1240	Arawakan	South America
Mehri	mehr1241	Afro-Asiatic	Eurasia
Mekens	saki1248	Tupian	South America
Mende (Sierra Leone)	mend1266	Mande	Africa
Merey	mere1246	Afro-Asiatic	Africa
Meru	meru1245	Atlantic-Congo	Africa
Mescalero-Chiricahua Apache	mesc1238	Athabaskan-Eyak-Tlingit	North America
Mesqan	mesq1240	Afro-Asiatic	Africa
Meta'	meta1238	Atlantic-Congo	Africa
Mewati	mewa1250	Indo-European	Eurasia
Mezquital Otomi	mezq1235	Otomanguean	North America
Mianmin	mian1257	Nuclear Trans New Guinea	Papunesia
Michif	mich1243	Mixed Language	North America
Michoacán Nahuatl	mich1245	Uto-Aztecan	North America
Minangkabau	mina1268	Austronesian	Papunesia
Min Dong Chinese	mind1253	Sino-Tibetan	Eurasia
Mingrelian	ming1252	Kartvelian	Eurasia
Minica Huitoto	mini1256	Huitotoan	South America
Minjangbal	minj1242	Pama-Nyungan	Australia
Minkin	mink1237	isolate	Australia
Min Nan Chinese	minn1241	Sino-Tibetan	Eurasia
Miraña	mira1254	Boran	South America
Mirandese	mira1251	Indo-European	Eurasia
Miriwung	miri1266	Jarrakan	Australia
Mising	miny1240	Sino-Tibetan	
Mithaka	mith1236	Pama-Nyungan	Australia
Miyako	miya1259	Japonic	Eurasia
Mizo	lush1249	Sino-Tibetan	Eurasia
Mmaala	mmaa1238	Atlantic-Congo	Africa
Mmani	mman1238	Atlantic-Congo	Africa
Mmen	mmen1238	Atlantic-Congo	Africa
Mochi	moch1256	Atlantic-Congo	Africa
Mochica	moch1259	isolate	South America
Mocoví	moco1246	Guaicuruan	South America
Modern Greek	mode1248	Indo-European	Eurasia
Modern Hebrew	hebr1245	Afro-Asiatic	Eurasia
Mofu-Gudur	mofu1248	Afro-Asiatic	Africa
Moghamo	mogh1246	Atlantic-Congo	Africa
Mogholi	mogh1245	Mongolic	Eurasia
Moken	moke1242	Austronesian	Eurasia
Moklen	mokl1243	Austronesian	Eurasia
Mokpwe	mokp1239	Atlantic-Congo	Africa
Moksha	moks1248	Uralic	Eurasia
Molale	mola1238	isolate	North America
Moloko	molo1266	Afro-Asiatic	Africa
Mongo	mong1338	Atlantic-Congo	Africa
Mongolian	mong1331	Mongolic	Eurasia
Mono (Cameroon)	mono1269	Atlantic-Congo	Africa
Mono (Democratic Republic of Congo)	mono1270	Atlantic-Congo	Africa
Mor (Bomberai Peninsula)	morb1239	isolate	Papunesia
Mori Bawah	mori1268	Austronesian	Papunesia
Morisyen	mori1278	Indo-European	Africa
Moro	moro1285	Heibanic	Africa
Moroccan Arabic	moro1292	Afro-Asiatic	Africa
Morokodo	moro1284	Central Sudanic	Africa
Moru	moru1253	Central Sudanic	Africa
Mosetén-Chimané	mose1249	isolate	South America
Mossi	moss1236	Atlantic-Congo	Africa
Movima	movi1243	isolate	South America
Moyon	moyo1238	Sino-Tibetan	Eurasia
Mpade	mpad1242	Afro-Asiatic	Africa
Mpalitjanh	mpal1238	Pama-Nyungan	Australia
Mparntwe Arrernte	mpar1238	Pama-Nyungan	Australia
Mpongmpong	mpon1254	Atlantic-Congo	Africa
Mudburra	mudb1240	Pama-Nyungan	Australia
Mudhili Gadaba	mudh1235	Dravidian	Eurasia
Mufian	mufi1238	Nuclear Torricelli	Papunesia
Muinane	muin1242	Boran	South America
Mullukmulluk	mull1237	Northern Daly	Australia
Muluridyi	mulu1243	Pama-Nyungan	Australia
Mumuye	nucl1240	Atlantic-Congo	Africa
Muna	muna1247	Austronesian	Papunesia
Mundabli	mund1328	Atlantic-Congo	Africa
Mundang	mund1325	Atlantic-Congo	Africa
Mundani	mund1327	Atlantic-Congo	Africa
Mundari	mund1320	Austroasiatic	Eurasia
Mündü	mund1326	Atlantic-Congo	Africa
Mundurukú	mund1330	Tupian	South America
Mungaka	mung1266	Atlantic-Congo	Africa
Mungbam	abar1238	Atlantic-Congo	Africa
Muniche	muni1258	isolate	South America
Munji	munj1244	Indo-European	Eurasia
Murle	murl1244	Surmic	Africa
Murrinhpatha	murr1259	Southern Daly	Australia
Murriny Patha	murr1258	Southern Daly	Australia
Murui Huitoto	muru1274	Huitotoan	South America
Muruwari	muru1266	Pama-Nyungan	Australia
Muyang	muya1243	Afro-Asiatic	Africa
Mvumbo	mvum1238	Atlantic-Congo	Africa
Mwaghavul	mwag1236	Afro-Asiatic	Africa
Mwali Comorian	mwal1237	Atlantic-Congo	Africa
Mwan	mwan1250	Mande	Africa
Mwani	mwan1247	Atlantic-Congo	Africa
Mwotlap	motl1237	Austronesian	Papunesia
Myeik	merg1238	Sino-Tibetan	Eurasia
Myene	myen1241	Atlantic-Congo	Africa
Naasioi	naas1242	South Bougainville	Papunesia
Nadëb	nade1244	Nadahup	South America
Nafaanra	nafa1258	Atlantic-Congo	Africa
Naga Pidgin	naga1394	Indo-European	Eurasia
Naiki	naik1250	Dravidian	Eurasia
Najdi Arabic	najd1235	Afro-Asiatic	Eurasia
Nakara	naka1260	Maningrida	Australia
Naki	naki1238	Atlantic-Congo	Africa
Nama	nama1265	Khoe-Kwadi	Africa
Nama (Namibia)	nama1264	Khoe-Kwadi	Africa
Namia	nami1256	Sepik	Papunesia
Nanai	nana1257	Tungusic	Eurasia
Nandi	nand1266	Nilotic	Africa
Nangikurrunggurr	nang1259	Southern Daly	Australia
Nankina	nank1250	Nuclear Trans New Guinea	Papunesia
Nanti	nant1250	Arawakan	South America
Napo Lowland Quechua	napo1242	Quechuan	South America
Nara	nara1262	isolate	Africa
Narim	nari1240	Surmic	Africa
Nari Nari	nari1241	Pama-Nyungan	Australia
Nar Phu	narp1239	Sino-Tibetan	Eurasia
Narrinyeri	narr1259	Pama-Nyungan	Australia
Narungga	naru1238	Pama-Nyungan	Australia
Nateni	nate1242	Atlantic-Congo	Africa
Natügu	natu1246	Austronesian	Papunesia
Naukan Yupik	nauk1242	Eskimo-Aleut	Eurasia
Navajo	nava1243	Athabaskan-Eyak-Tlingit	North America
Nawdm	nawd1238	Atlantic-Congo	Africa
Nawuri	nawu1242	Atlantic-Congo	Africa
Naxi	naxi1245	Sino-Tibetan	Eurasia
Ncane	ncan1245	Atlantic-Congo	Africa
Ndai	ndai1238	Atlantic-Congo	Africa
Ndali	ndal1241	Atlantic-Congo	Africa
Ndamba	ndam1239	Atlantic-Congo	Africa
Ndemli	ndem1249	Atlantic-Congo	Africa
Ndogo	ndog1248	Atlantic-Congo	Africa
Ndonga	ndon1254	Atlantic-Congo	Africa
Ndra'ngith	ndra1239	Pama-Nyungan	Australia
Ndut	ndut1239	Atlantic-Congo	Africa
Ndzwani Comorian	ndzw1235	Atlantic-Congo	Africa
Nepali	nepa1254	Indo-European	Eurasia
Nepali Kurux	nepa1253	Dravidian	Eurasia
Nez Perce	nezp1238	Sahaptian	North America
Ngaanyatjarra	ngaa1240	Pama-Nyungan	Australia
Ngad'a	ngad1261	Austronesian	Papunesia
Ngadjunmaya	ngad1258	Pama-Nyungan	Australia
Ngalakgan	ngal1293	Gunwinyguan	Australia
Ngaliwurru	ngal1294	Mirndi	Australia
Ngalkbun	ngal1292	Gunwinyguan	Australia
Ngambay	ngam1268	Central Sudanic	Africa
Ngamini	ngam1284	Pama-Nyungan	
Nganasan	ngan1291	Uralic	Eurasia
Ngandi	ngan1295	Gunwinyguan	Australia
Ngandyera	ngan1300	Atlantic-Congo	Africa
Ngangam	ngan1299	Atlantic-Congo	Africa
Nganyaywana	ngan1296	Pama-Nyungan	Australia
Ngardi	ngar1288	Pama-Nyungan	Australia
Ngarigu	ngar1297	Pama-Nyungan	Australia
Ngarinman	ngar1235	Pama-Nyungan	Australia
Ngarinyin	ngar1284	Worrorran	Australia
Ngarla	ngar1296	Pama-Nyungan	Australia
Ngarla on the Ashburton river south of the Hamersley range	ngar1286	Bookkeeping	Australia
Ngarluma	ngar1287	Pama-Nyungan	Australia
Ngarnka	ngar1283	Mirndi	Australia
Ngas	ngas1240	Afro-Asiatic	Africa
Ngasa	ngas1238	Nilotic	Africa
Ngawun	ngaw1240	Pama-Nyungan	Australia
Ngazidja Comorian	ngaz1238	Atlantic-Congo	Africa
Ngbaka Minagende	ngba1285	Atlantic-Congo	Africa
Ngemba	ngem1255	Atlantic-Congo	Africa
Ngiemboon	ngie1241	Atlantic-Congo	Africa
Ngindadj	ngin1247	Pama-Nyungan	
Ngiti	ngit1239	Central Sudanic	Africa
Ngiyambaa	wang1291	Pama-Nyungan	Australia
Ngizim	ngiz1242	Afro-Asiatic	Africa
Ngkoth	ngko1236	Pama-Nyungan	Australia
Ngomba	ngom1272	Atlantic-Congo	Africa
Ngombale	ngom1271	Atlantic-Congo	Africa
Ngoshie	ngos1238	Atlantic-Congo	Africa
Ngumbarl	ngum1253	Nyulnyulan	Australia
Ngwe	ngwe1238	Atlantic-Congo	Africa
Nhanda	nhan1238	Pama-Nyungan	Australia
Nhengatu	nhen1239	Tupian	South America
Nhirrpi	nhir1234	Pama-Nyungan	Australia
Nhuwala	nhuw1239	Pama-Nyungan	Australia
Nias	nias1242	Austronesian	Papunesia
Niellim	niel1243	Atlantic-Congo	Africa
Nigerian Pidgin	nige1257	Indo-European	Africa
Nimanbur	nima1245	Nyulnyulan	Australia
Nimboran	nucl1633	Nimboranic	Papunesia
Ninam	nina1238	Yanomamic	South America
Ningil	ning1273	Nuclear Torricelli	Papunesia
Nisga'a	nisg1240	Tsimshian	North America
Nivaclé	niva1238	Matacoan	South America
Nivkh	gily1242	isolate	Eurasia
Nizaa	suga1248	Atlantic-Congo	Africa
Njebi	njeb1242	Atlantic-Congo	Africa
Njyem	njye1238	Atlantic-Congo	Africa
Nkonya	nkon1248	Atlantic-Congo	Africa
Nobiin	nobi1240	Nubian	Africa
Nomaande	noma1260	Atlantic-Congo	Africa
Nomatsiguenga	noma1263	Arawakan	South America
Nonuya	nonu1241	Huitotoan	South America
Noone	noon1243	Atlantic-Congo	Africa
North Alaskan Inupiatun	nort2943	Eskimo-Aleut	North America
North Azerbaijani	nort2697	Turkic	Eurasia
North Bolivian Quechua	nort2976	Quechuan	South America
North-Central Ju	kung1261	Kxa	Africa
Northeastern Dinka	nort2815	Nilotic	Africa
Northeastern Thai	nort2741	Tai-Kadai	Eurasia
Northeast Maidu	nort2952	Maiduan	North America
Northern Altai	nort2686	Turkic	Eurasia
Northern Bobo Madaré	nort2819	Mande	Africa
Northern Conchucos Ancash Quechua	nort2979	Quechuan	South America
Northern Dagara	nort2780	Atlantic-Congo	Africa
Northern Dong	nort2735	Tai-Kadai	Eurasia
Northern Emberá	nort2972	Chocoan	South America
Northern Frisian	nort2626	Indo-European	Eurasia
Northern Grebo	nort2810	Atlantic-Congo	Africa
Northern Gumuz	gumu1244	Gumuz	Africa
Northern Gyalrong	jiar1240	Sino-Tibetan	Eurasia
Northern Haida	nort2938	Haida	North America
Northern Khmer	nort2684	Austroasiatic	Eurasia
Northern Kissi	nort2765	Atlantic-Congo	Africa
Northern Kurdish	nort2641	Indo-European	Eurasia
Northern Lushootseed	lush1252	Salishan	North America
Northern Mansi	mans1258	Uralic	Eurasia
Northern Ngbandi	nort2774	Atlantic-Congo	Africa
Northern Nuni	nort2784	Atlantic-Congo	Africa
Northern Paiute	nort2954	Uto-Aztecan	North America
Northern Pame	nort2984	Otomanguean	North America
Northern Pashto	nort2646	Indo-European	Eurasia
Northern Pomo	nort2966	Pomoan	North America
Northern Puebla Nahuatl	nort2957	Uto-Aztecan	North America
Northern Qiang	nort2722	Sino-Tibetan	Eurasia
Northern Thai	nort2740	Tai-Kadai	Eurasia
Northern Tosk Albanian	tosk1239	Indo-European	Eurasia
Northern Toussian	nort2787	Atlantic-Congo	Africa
Northern Uzbek	nort2690	Turkic	Eurasia
Northern Yukaghir	nort2745	Yukaghir	Eurasia
North Giziga	nort3047	Afro-Asiatic	Africa
North Junín Quechua	nort2980	Quechuan	South America
North Marquesan	nort2845	Austronesian	Papunesia
North Moluccan Malay	nort2828	Austronesian	Papunesia
North Saami	nort2671	Uralic	Eurasia
Northwestern Kolami	nort2699	Dravidian	Eurasia
Northwestern Pakhto	nort2647	Indo-European	Eurasia
Northwest Gbaya	nort2775	Atlantic-Congo	Africa
Norwegian	norw1258	Indo-European	Eurasia
Norwegian Bokmål	norw1259	Indo-European	Eurasia
Ntcham	ntch1242	Atlantic-Congo	Africa
Ntomba	ntom1248	Atlantic-Congo	Africa
Nubi	nubi1253	Afro-Asiatic	Africa
Nuclear Tamang	nucl1729	Sino-Tibetan	
Nuer	nuer1246	Nilotic	Africa
Nugunu (Australia)	nugu1241	Pama-Nyungan	Australia
Nugunu (Cameroon)	nugu1242	Atlantic-Congo	Africa
Nukak Makú	nuka1242	Kakua-Nukak	South America
Nukuini	nuku1263	Pano-Tacanan	South America
Nungali	nung1291	Mirndi	Australia
Nung (Viet Nam)	nung1283	Tai-Kadai	Eurasia
Nupe-Nupe-Tako	nupe1254	Atlantic-Congo	Africa
Nuu-chah-nulth	nuuc1236	Wakashan	North America
Nyabwa	nyab1255	Atlantic-Congo	Africa
Nyahkur	nyah1250	Austroasiatic	Eurasia
Nyam	nyam1285	Afro-Asiatic	Africa
Nyamal	nyam1271	Pama-Nyungan	Australia
Nyambo	nyam1277	Atlantic-Congo	Africa
Nyamwezi	nyam1276	Atlantic-Congo	Africa
Nyang'i	nyan1313	Kuliak	Africa
Nyangumarta	nyan1301	Pama-Nyungan	Australia
Nyankole	nyan1307	Atlantic-Congo	Africa
Nyaw	nyaw1245	Tai-Kadai	Eurasia
Nyawaygi	nyaw1247	Pama-Nyungan	Australia
Nyeu	nyeu1238	Austroasiatic	Eurasia
Nyigina	nyig1240	Nyulnyulan	Australia
Nyishi-Hill Miri	nyis1236	Sino-Tibetan	Eurasia
Nyiyaparli	nija1241	Pama-Nyungan	Australia
Nyole	nyol1238	Atlantic-Congo	Africa
Nyong	nyon1241	Atlantic-Congo	Africa
Nyulnyul	nyul1247	Nyulnyulan	Australia
Nyunga	nyun1247	Pama-Nyungan	Australia
Nzima	nzim1238	Atlantic-Congo	Africa
Obolo	obol1243	Atlantic-Congo	Africa
Ocaina	ocai1244	Huitotoan	South America
Occitan	occi1239	Indo-European	Eurasia
Odia	oriy1255	Indo-European	Eurasia
Ofayé	ofay1240	Nuclear-Macro-Je	South America
Ogbia	ogbi1239	Atlantic-Congo	Africa
Oirad-Kalmyk	kalm1243	Mongolic	Eurasia
Oko	okoo1245	Atlantic-Congo	Africa
Oku	okuu1243	Atlantic-Congo	Africa
Olu'bo	olub1238	Central Sudanic	Africa
Oluta Popoluca	olut1240	Mixe-Zoque	North America
Omagua	omag1248	Tupian	South America
Oneida	onei1249	Iroquoian	North America
Önge	onge1236	Jarawa-Onge	Eurasia
Orma	orma1241	Afro-Asiatic	Africa
Ormuri	ormu1247	Indo-European	Eurasia
Orokaiva	orok1269	Nuclear Trans New Guinea	Papunesia
Oroko	orok1266	Atlantic-Congo	Africa
Oro Win	orow1243	Chapacuran	South America
Ossetian	osse1243	Indo-European	Eurasia
Otoro	otor1240	Heibanic	Africa
Otuho	otuh1238	Nilotic	Africa
Oykangand	oyka1239	Pama-Nyungan	Australia
Paakantyi	darl1243	Pama-Nyungan	Australia
Pacahuara	paca1246	Pano-Tacanan	South America
Pacoh	paco1243	Austroasiatic	Eurasia
Páez	paez1247	isolate	South America
Pagibete	pagi1243	Atlantic-Congo	Africa
Pai Tavytera	pait1247	Tupian	South America
Paite Chin	pait1244	Sino-Tibetan	Eurasia
Paiwan	paiw1248	Austronesian	Papunesia
Pakanha	paka1251	Pama-Nyungan	Australia
Palauan	pala1344	Austronesian	Papunesia
Palikúr	pali1279	Arawakan	South America
Pallanganmiddang	pall1243	Pama-Nyungan	Australia
Palor	palo1243	Atlantic-Congo	Africa
Pampanga	pamp1243	Austronesian	Papunesia
Pan	kofy1242	Afro-Asiatic	Africa
Pana	pana1294	Atlantic-Congo	Africa
Panamint	pana1305	Uto-Aztecan	North America
Panará	pana1307	Nuclear-Macro-Je	South America
Panare	enap1235	Cariban	South America
Pangasinan	pang1290	Austronesian	Papunesia
Pangwa	pang1287	Atlantic-Congo	Africa
Pangwa Naga	tase1235	Sino-Tibetan	Eurasia
Panoan Katukína	pano1254	Pano-Tacanan	South America
Panobo	pano1255	Pano-Tacanan	South America
Panytyima	pany1241	Pama-Nyungan	Australia
Pa'o Karen	paok1235	Sino-Tibetan	Eurasia
Papantla Totonac	papa1238	Totonacan	North America
Pará Arára	para1310	Cariban	South America
Pará Gavião	para1315	Nuclear-Macro-Je	South America
Paraguayan Guaraní	para1311	Tupian	South America
Parakanã	para1312	Tupian	South America
Paraujano	para1316	Arawakan	South America
Parecís	pare1272	Arawakan	South America
Parkwa	park1239	Afro-Asiatic	Africa
Patep	pate1247	Austronesian	Papunesia
Pattani	patt1248	Sino-Tibetan	Eurasia
Paumari	paum1247	Arawan	South America
Pech	pech1241	Chibchan	North America
Pemon	pemo1248	Cariban	South America
Pémono	pemo1245	Cariban	South America
Pengo	peng1244	Dravidian	Eurasia
Pero	pero1241	Afro-Asiatic	Africa
Petats	peta1245	Austronesian	Papunesia
Peve	peve1243	Afro-Asiatic	Africa
Phalura	phal1254	Indo-European	Eurasia
Phu Thai	phut1244	Tai-Kadai	Eurasia
Piapoco	piap1246	Arawakan	South America
Piaroa	piar1243	Jodi-Saliban	South America
Pichi	fern1234	Indo-European	Africa
Pichis Ashéninka	pich1237	Arawakan	South America
Pilagá	pila1245	Guaicuruan	South America
Pinjarup	pinj1244	Pama-Nyungan	Australia
Pintupi-Luritja	pint1250	Pama-Nyungan	Australia
Pinyin	piny1238	Atlantic-Congo	Africa
Pirahã	pira1253	isolate	South America
Pirlatapa	pirl1238	Pama-Nyungan	Australia
Pirriya	pirr1240	Pama-Nyungan	Australia
Pisamira	pisa1245	Tucanoan	South America
Pite Saami	pite1240	Uralic	Eurasia
Pitjantjatjara	pitj1243	Pama-Nyungan	Australia
Pitta Pitta	pitt1247	Pama-Nyungan	Australia
Plateau Malagasy	plat1254	Austronesian	Africa
Plautdietsch	plau1238	Indo-European	North America
Pnar	pnar1238	Austroasiatic	Eurasia
Pohnpeian	pohn1238	Austronesian	Papunesia
Pökoot	poko1263	Nilotic	Africa
Polish	poli1260	Indo-European	Eurasia
Popti'	popt1235	Mayan	North America
Portuguese	port1283	Indo-European	Eurasia
Pottangi Ollar Gadaba	pott1240	Dravidian	Eurasia
Poyanáwa	poya1241	Pano-Tacanan	South America
Prai	phai1238	Austroasiatic	Eurasia
Principense	prin1242	Indo-European	Africa
Puditara	pudi1238	Pama-Nyungan	Australia
Puelche	puel1244	isolate	South America
Puinave	puin1248	isolate	South America
Pulaar	pula1263	Atlantic-Congo	Africa
Pular	pula1262	Atlantic-Congo	Africa
Pumé	pume1238	isolate	South America
Punthamara	punt1240	Pama-Nyungan	Australia
Purepecha	pure1242	Tarascan	North America
Puri	puri1262	Puri-Coroado	South America
Purik-Sham-Nubra	puri1258	Sino-Tibetan	Eurasia
Puxi	puxi1242	Sino-Tibetan	Eurasia
Pwo Northern Karen	pwon1235	Sino-Tibetan	Eurasia
Qaqet	qaqe1238	Baining	Papunesia
Qawasqar	qawa1238	Kawesqar	South America
Qimant	qima1242	Afro-Asiatic	Africa
Quechan	quec1382	Cochimi-Yuman	North America
Quileute	quil1240	Chimakuan	North America
Quiotepec Chinantec	quio1240	Otomanguean	North America
Rajbanshi	rajb1243	Indo-European	Eurasia
Rama	rama1270	Chibchan	North America
Ravula	ravu1237	Dravidian	Eurasia
Rawang	rawa1265	Sino-Tibetan	Eurasia
Reel	reel1238	Nilotic	Africa
Rembarrnga	remb1249	Gunwinyguan	Australia
Rendille	rend1243	Afro-Asiatic	Africa
Resígaro	resi1247	Arawakan	South America
Réunion Creole French	reun1238	Indo-European	Africa
Reyesano	reye1240	Pano-Tacanan	South America
Rikbaktsa	rikb1245	Nuclear-Macro-Je	South America
Rimanggudhinma	mbar1253	Pama-Nyungan	Australia
Rio Grande Tewa	tewa1260	Kiowa-Tanoan	North America
Ritarungo	rita1239	Pama-Nyungan	Australia
Romanian	roma1327	Indo-European	Eurasia
Romansh	roma1326	Indo-European	Eurasia
Ronga	rong1268	Atlantic-Congo	Africa
Rotokas	roto1249	North Bougainville	Papunesia
Rukai	ruka1240	Austronesian	Papunesia
Rundi	rund1242	Atlantic-Congo	Africa
Russia Buriat	russ1264	Mongolic	Eurasia
Russian	russ1263	Indo-European	Eurasia
Rusyn	rusy1239	Indo-European	Eurasia
Rutul	rutu1240	Nakh-Daghestanian	Eurasia
Saamia	saam1283	Atlantic-Congo	Africa
Saanich	saan1246	Salishan	North America
Sa'ban	saba1265	Austronesian	Papunesia
Sabanê	saba1268	Nambiquaran	South America
Sabaot	saba1262	Nilotic	Africa
Saek	saek1240	Tai-Kadai	Eurasia
Sakha	yaku1245	Turkic	Eurasia
Salar	sala1264	Turkic	Eurasia
Salasaca Highland Quichua	sala1272	Quechuan	South America
Sáliba	sali1298	Jodi-Saliban	South America
Samba Leko	samb1305	Atlantic-Congo	Africa
Samo	samo1303	East Strickland	Papunesia
Samre or Siem Reap	samr1245	Bookkeeping	Eurasia
Sandawe	sand1273	isolate	Africa
Sango	sang1328	Atlantic-Congo	Africa
San Juan Guelavía Zapotec	sanj1284	Otomanguean	North America
San Martín Itunyoso Triqui	sanm1298	Otomanguean	North America
San Martín Quechua	sanm1289	Quechuan	South America
San Mateo del Mar Huave	sanm1287	Huavean	North America
San Miguel El Grande Mixtec	sanm1295	Otomanguean	North America
Sanskrit	sans1269	Indo-European	Eurasia
Santali	sant1410	Austroasiatic	Eurasia
Santiago del Estero Quichua	sant1432	Quechuan	South America
Sanumá	sanu1240	Yanomamic	South America
São Paulo Kaingáng	saop1235	Nuclear-Macro-Je	South America
Sãotomense	saot1239	Indo-European	Africa
Saraiki	sera1259	Indo-European	Eurasia
Sasak	sasa1249	Austronesian	Papunesia
Satawalese	sata1237	Austronesian	Papunesia
Sateré-Mawé	sate1243	Tupian	South America
Saurashtra	saur1248	Indo-European	Eurasia
Sauria Paharia	saur1249	Dravidian	Eurasia
Savara	sava1244	Bookkeeping	Eurasia
Savosavo	savo1255	isolate	Papunesia
Saxwe Gbe	saxw1241	Atlantic-Congo	Africa
Saya	saya1246	Afro-Asiatic	Africa
Sayula Popoluca	sayu1241	Mixe-Zoque	North America
Scots	scot1243	Indo-European	Eurasia
Scottish Gaelic	scot1245	Indo-European	Eurasia
Sebat Bet Gurage	seba1251	Afro-Asiatic	Africa
Secoya	seco1241	Tucanoan	South America
Sedang	seda1262	Austroasiatic	Eurasia
Seediq	taro1264	Austronesian	Papunesia
Seimat	seim1238	Austronesian	Papunesia
Sekpele	sekp1241	Atlantic-Congo	Africa
Selaru	sela1259	Austronesian	Papunesia
Selee	sele1249	Atlantic-Congo	Africa
Selepet	sele1250	Nuclear Trans New Guinea	Papunesia
Selk'nam	onaa1245	Chonan	South America
Selkup	selk1253	Uralic	Eurasia
Semelai	seme1247	Austroasiatic	Eurasia
Senara Sénoufo	sena1262	Atlantic-Congo	Africa
Seneca	sene1264	Iroquoian	North America
Sentani	nucl1632	Sentanic	Papunesia
Serbian	serb1264	Indo-European	Eurasia
Sereer	sere1260	Atlantic-Congo	Africa
Seri	seri1257	isolate	North America
Serrano	serr1255	Uto-Aztecan	North America
S'gaw Karen	sgaw1245	Sino-Tibetan	Eurasia
Shabo	shab1252	isolate	Africa
Shall-Zwall	shal1242	Atlantic-Congo	Africa
Shan	shan1277	Tai-Kadai	Eurasia
Shanga	shan1282	Mande	Africa
Sharanahua	shar1245	Pano-Tacanan	South America
Shasta	shas1239	Shastan	North America
Shawi	chay1248	Cahuapanan	South America
Shawnee	shaw1249	Algic	North America
Sherbro	sher1258	Atlantic-Congo	Africa
Shilluk	shil1265	Nilotic	Africa
Shina	shin1264	Indo-European	Eurasia
Shipibo	ship1255	Pano-Tacanan	South America
Shixing	shix1238	Sino-Tibetan	Eurasia
Shona	shon1251	Atlantic-Congo	Africa
Shuar	shua1257	Chicham	South America
Shumcho	shum1243	Sino-Tibetan	Eurasia
Shuswap	shus1248	Salishan	North America
Shwai	shwa1239	Heibanic	Africa
Siamou	siam1242	isolate	Africa
Siang	sian1254	Austronesian	Papunesia
Siar-Lak	siar1238	Austronesian	Papunesia
Sichuan Yi	sich1238	Sino-Tibetan	Eurasia
Sidamo	sida1246	Afro-Asiatic	Africa
Sikkimese	sikk1242	Sino-Tibetan	Eurasia
Siksika	siks1238	Algic	North America
Silt'e	silt1240	Afro-Asiatic	Africa
Sindhi	sind1272	Indo-European	Eurasia
Sinhala	sinh1246	Indo-European	Eurasia
Siona-Tetete	sion1247	Tucanoan	South America
Sipacapense	sipa1247	Mayan	North America
Siriano	siri1274	Tucanoan	South America
Sirionó	siri1273	Tupian	South America
Sissala of Burkina Faso	siss1242	Atlantic-Congo	Africa
Sissano	siss1243	Austronesian	Papunesia
Siwi	siwi1239	Afro-Asiatic	Africa
Siwu	siwu1238	Atlantic-Congo	Africa
Skolt Saami	skol1241	Uralic	Eurasia
Skou	nucl1634	Sko	Papunesia
Slovak	slov1269	Indo-European	Eurasia
Slovenian	slov1268	Indo-European	Eurasia
Sochiapam Chinantec	soch1239	Otomanguean	North America
Soddo	sodd1242	Afro-Asiatic	Africa
Solu-Khumbu Sherpa	sher1255	Sino-Tibetan	Eurasia
Somali	soma1255	Afro-Asiatic	Africa
Soninke	soni1259	Mande	Africa
Soo	sooo1256	Kuliak	Africa
Soqotri	soqo1240	Afro-Asiatic	Eurasia
Sora	sora1254	Austroasiatic	Eurasia
South Azerbaijani	sout2697	Turkic	Eurasia
South Bolivian Quechua	sout2991	Quechuan	South America
South Central Dinka	sout2833	Nilotic	Africa
South-Eastern Ju	juho1239	Kxa	Africa
Southeastern Pomo	sout2982	Pomoan	North America
Southeast Ijo	sout2774	Ijoid	Africa
Southeast Pashayi	sout2672	Indo-European	Eurasia
South Efate	sout2856	Austronesian	Papunesia
Southern Balochi	sout2642	Indo-European	Eurasia
Southern Birifor	sout2790	Atlantic-Congo	Africa
Southern Bobo Madaré	sout2840	Mande	Africa
Southern-Coastal Tsimshian	nucl1649	Tsimshian	North America
Southern Coastal Yuin	sout2771	Pama-Nyungan	Australia
Southern Inland Yuin	sout2770	Pama-Nyungan	Australia
Southern Jinghpaw	kach1280	Sino-Tibetan	Eurasia
Southern Kiwai	sout2949	Kiwaian	Papunesia
Southern Ma'di	sout2828	Central Sudanic	Africa
Southern Mfumte	mfum1238	Atlantic-Congo	Africa
Southern Nambikuára	sout2994	Nambiquaran	South America
Southern Nuni	sout2795	Atlantic-Congo	Africa
Southern Pumi	sout2729	Sino-Tibetan	Eurasia
Southern Sama	sout2918	Austronesian	Papunesia
Southern Samo	sout2844	Mande	Africa
Southern Sierra Miwok	sout2985	Miwok-Costanoan	North America
Southern Thai	sout2746	Tai-Kadai	Eurasia
Southern Tiwa	sout2961	Kiowa-Tanoan	North America
Southern Yukaghir	sout2750	Yukaghir	Eurasia
South Estonian	sout2679	Uralic	Eurasia
South Nuaulu	sout2895	Austronesian	Papunesia
South Saami	sout2674	Uralic	Eurasia
South Wa	para1301	Austroasiatic	Eurasia
Southwestern Dinka	sout2832	Nilotic	Africa
Southwestern Pashto	sout2436	Indo-European	Eurasia
Spanish	stan1288	Indo-European	Eurasia
Spiti Bhoti	spit1240	Sino-Tibetan	Eurasia
Spokane	spok1245	Salishan	North America
Squamish	squa1248	Salishan	North America
Standard Arabic	stan1318	Afro-Asiatic	Eurasia
Standard Latvian	stan1325	Indo-European	Eurasia
Standard Malay	stan1306	Austronesian	Eurasia
Stod Bhoti	stod1241	Sino-Tibetan	Eurasia
Straits Salish	stra1244	Salishan	North America
Suba-Simbiti	suba1252	Atlantic-Congo	Africa
Subiya	subi1246	Atlantic-Congo	Africa
Sudanese Arabic	suda1236	Afro-Asiatic	Africa
Suena	suen1241	Nuclear Trans New Guinea	Papunesia
Sui	suii1243	Tai-Kadai	Eurasia
Sukuma	suku1261	Atlantic-Congo	Africa
Sumbwa	sumb1240	Atlantic-Congo	Africa
Sumi Naga	sumi1235	Sino-Tibetan	Eurasia
Sundanese	sund1252	Austronesian	Papunesia
Sursurunga	surs1246	Austronesian	Papunesia
Suruahá	suru1263	Arawan	South America
Suruí	suru1262	Tupian	South America
Susu	susu1250	Mande	Africa
Suyá	suya1243	Nuclear-Macro-Je	South America
Svan	svan1243	Kartvelian	Eurasia
Swahili	swah1253	Atlantic-Congo	Africa
Swedish	swed1254	Indo-European	Eurasia
Swiss German	swis1247	Indo-European	Eurasia
Sydney	sydn1236	Pama-Nyungan	Australia
Tabasco Chontal	taba1266	Mayan	North America
Tacana	taca1256	Pano-Tacanan	South America
Tachelhit	tach1250	Afro-Asiatic	Africa
Tadaksahak	tada1238	Songhay	Africa
Tagalog	taga1270	Austronesian	Papunesia
Tagwana Senoufo	tagw1240	Atlantic-Congo	Africa
Tahaggart Tamahaq	taha1241	Afro-Asiatic	Africa
Tai Daeng	taid1249	Tai-Kadai	Eurasia
Tai Do-Mene-Yo	taid1248	Tai-Kadai	Eurasia
Taiga Sayan Turkic	kara1462	Turkic	Eurasia
Tai Nüa	tain1252	Tai-Kadai	Eurasia
Tajik	taji1245	Indo-European	Eurasia
Tama (Chad)	tama1331	Tamaic	Africa
Tamambo	malo1243	Austronesian	Papunesia
Tamasheq	tama1365	Afro-Asiatic	Africa
Tamil	tami1289	Dravidian	Eurasia
Tamnim Citak	tamn1235	Nuclear Trans New Guinea	Papunesia
Tampulma	tamp1252	Atlantic-Congo	Africa
Tanacross	tana1290	Athabaskan-Eyak-Tlingit	North America
Tangale	nucl1696	Afro-Asiatic	Africa
Tanimuca-Retuarã	tani1257	Tucanoan	South America
Taos Northern Tiwa	nort1550	Kiowa-Tanoan	North America
Tapieté	tapi1253	Tupian	South America
Tapirapé	tapi1254	Tupian	South America
T'apo	opuu1239	Koman	Africa
Tariana	tari1256	Arawakan	South America
Tarifiyt-Beni-Iznasen-Eastern Middle Atlas Berber	tari1263	Afro-Asiatic	Africa
Tarok	taro1263	Atlantic-Congo	Africa
Tasomi-Tata	talo1250	Narrow Talodi	Africa
Tatana	tata1257	Austronesian	Papunesia
Tatar	tata1255	Turkic	Eurasia
Tatuyo	tatu1247	Tucanoan	South America
Taushiro	taus1253	isolate	South America
Tausug	taus1251	Austronesian	Papunesia
Tawallammat Tamajaq	tawa1286	Afro-Asiatic	Africa
Tedaga	teda1241	Saharan	Africa
Tedim Chin	tedi1235	Sino-Tibetan	Eurasia
Tee	teee1242	Atlantic-Congo	Africa
Téén	teen1242	Atlantic-Congo	Africa
Tehuelche	tehu1242	Chonan	South America
Teke-Kukuya	teke1280	Atlantic-Congo	Africa
Telefol	tele1256	Nuclear Trans New Guinea	Papunesia
Telugu	telu1262	Dravidian	Eurasia
Tem	temm1241	Atlantic-Congo	Africa
Temein	nucl1339	Temeinic	Africa
Temiar	temi1246	Austroasiatic	Eurasia
Tena Lowland Quichua	tena1240	Quechuan	South America
Tenetehara	temb1276	Tupian	South America
Tengger	teng1272	Austronesian	Papunesia
Tenharim-Parintintin-Diahoi	tenh1241	Tupian	South America
Tepo Krumen	tepo1239	Atlantic-Congo	Africa
Tera	tera1251	Afro-Asiatic	Africa
Terena-Kinikinao-Chane	tere1279	Arawakan	South America
Ternate	tern1247	North Halmahera	Papunesia
Ter Saami	ters1235	Uralic	Eurasia
Tese	tese1238	Temeinic	Africa
Tetum	tetu1245	Austronesian	Papunesia
Texistepec Popoluca	texi1237	Mixe-Zoque	North America
Thado Chin	thad1238	Sino-Tibetan	Eurasia
Thai	thai1261	Tai-Kadai	Eurasia
Thakali	thak1245	Sino-Tibetan	Eurasia
Thavung	aheu1239	Austroasiatic	Eurasia
Thayore	thay1249	Pama-Nyungan	Australia
Thaypan	thay1248	Pama-Nyungan	Australia
Thiin	thii1234	Pama-Nyungan	Australia
Thulung	thul1246	Sino-Tibetan	Eurasia
Thurawal	thur1254	Pama-Nyungan	Australia
Tiagbamrin Aizi	tiag1235	Atlantic-Congo	Africa
Tibetan	tibe1272	Sino-Tibetan	Eurasia
Ticuna	ticu1245	Ticuna-Yuri	South America
Tiéyaxo Bozo	tiey1235	Mande	Africa
Tigak	tiga1245	Austronesian	Papunesia
Tigon Mbembe	tigo1236	Atlantic-Congo	Africa
Tigre	tigr1270	Afro-Asiatic	Africa
Tigrinya	tigr1271	Afro-Asiatic	Africa
Tikar	tika1246	Atlantic-Congo	Africa
Tilquiapan Zapotec	tilq1235	Otomanguean	North America
Timne	timn1235	Atlantic-Congo	Africa
Tinigua	tini1245	isolate	South America
Tinputz	tinp1237	Austronesian	Papunesia
Tipai	kumi1248	Cochimi-Yuman	North America
Tira	tira1254	Heibanic	Africa
Tirma-Chai	suri1267	Surmic	Africa
Tiruray	tiru1241	Austronesian	Papunesia
Tiv	tivv1240	Atlantic-Congo	Africa
Tiwi	tiwi1244	isolate	Australia
Tlachichilco Tepehua	tlac1235	Totonacan	North America
Tlingit	tlin1245	Athabaskan-Eyak-Tlingit	North America
Toaripi	toar1246	Eleman	Papunesia
Toba	toba1269	Guaicuruan	South America
Tocantins Asurini	toca1235	Tupian	South America
Tocho	toch1257	Narrow Talodi	Africa
Toda	toda1252	Dravidian	Eurasia
Tofin Gbe	tofi1235	Atlantic-Congo	Africa
Tohono O'odham	toho1245	Uto-Aztecan	North America
Tok Pisin	tokp1240	Indo-European	Papunesia
Tol	toll1241	Jicaquean	North America
Tolowa-Chetco	tolo1259	Athabaskan-Eyak-Tlingit	North America
Tonga (Tonga Islands)	tong1325	Austronesian	Papunesia
Tonga (Zambia)	tong1318	Atlantic-Congo	Africa
Tonkawa	tonk1249	isolate	North America
Toposa	topo1242	Nilotic	Africa
Toro So Dogon	toro1252	Dogon	Africa
Torwali	torw1241	Indo-European	Eurasia
Totela	tote1238	Atlantic-Congo	Africa
Totontepec Mixe	toto1305	Mixe-Zoque	North America
Toura (Côte d'Ivoire)	tour1242	Mande	Africa
Towa	jeme1245	Kiowa-Tanoan	North America
Trinitario	trin1274	Arawakan	South America
Trió	trio1238	Cariban	South America
Trumai	trum1247	isolate	South America
Tsafiki	colo1256	Barbacoan	South America
Tsamai	tsam1247	Afro-Asiatic	Africa
Tsez	dido1241	Nakh-Daghestanian	Eurasia
Tshangla	tsha1245	Sino-Tibetan	Eurasia
Tsotso	tsot1241	Atlantic-Congo	Africa
Tsou	tsou1248	Austronesian	Papunesia
Tsuvadi	tsuv1239	Atlantic-Congo	Africa
Tu	tuuu1240	Mongolic	Eurasia
Tucano	tuca1252	Tucanoan	South America
Tukang Besi North	tuka1248	Austronesian	Papunesia
Tuki	tuki1240	Atlantic-Congo	Africa
Tulishi	tuli1249	Kadugli-Krongo	Africa
Tulu	tulu1258	Dravidian	Eurasia
Tumtum	tumt1243	Kadugli-Krongo	Africa
Tundra Nenets	nene1249	Uralic	Eurasia
Tunen	tune1261	Atlantic-Congo	Africa
Tunia	tuni1251	Atlantic-Congo	Africa
Tunica	tuni1252	isolate	North America
Tuparí	tupa1250	Tupian	South America
Tupinambá	tupi1273	Tupian	South America
Tupuri	tupu1244	Atlantic-Congo	Africa
Turkish	nucl1301	Turkic	Eurasia
Turkmen	turk1304	Turkic	Eurasia
Tuvinian	tuvi1240	Turkic	Eurasia
Tuyuca	tuyu1244	Tucanoan	South America
Tweed-Albert	twee1234	Pama-Nyungan	Australia
Tyanngayt-Mamngayt-Ntrwangayt-Ntrangit	tyan1235	Pama-Nyungan	Australia
Tzeltal	tzel1254	Mayan	North America
Tzotzil	tzot1259	Mayan	North America
Tz'utujil	tzut1248	Mayan	North America
Ucayali-Yurúa Ashéninka	ucay1237	Arawakan	South America
Udihe	udih1248	Tungusic	Eurasia
Udmurt	udmu1245	Uralic	Eurasia
Uduk	uduk1239	Koman	Africa
Uighur	uigh1240	Turkic	Eurasia
Ukrainian	ukra1253	Indo-European	Eurasia
Ulkulu	ulku1238	Pama-Nyungan	Australia
Ulwa	ulwa1239	Misumalpan	North America
Umbugarla	umbu1235	isolate	Australia
Umbundu	umbu1257	Atlantic-Congo	Africa
Umbuygamu	umbu1256	Pama-Nyungan	Australia
Umiida	umii1236	Worrorran	Australia
Umotína	umot1240	Bororoan	South America
Umpila	umpi1239	Pama-Nyungan	Australia
Unami	unam1242	Algic	North America
Unggumi	ungg1243	Worrorran	Australia
Upper Chehalis	uppe1439	Salishan	North America
Upper Guinea Crioulo	uppe1455	Indo-European	Africa
Upper Saxon	uppe1400	Indo-European	Eurasia
Upper Sorbian	uppe1395	Indo-European	Eurasia
Urali of Idukki	ural1274	Dravidian	Eurasia
Urarina	urar1246	isolate	South America
Urdu	urdu1245	Indo-European	Eurasia
Uri	urii1240	Nuclear Trans New Guinea	Papunesia
Urningangg	urni1239	Giimbiyu	Australia
Uru	uruu1244	Uru-Chipaya	South America
Urubú-Kaapor	urub1250	Tupian	South America
Uru-Eu-Wau-Wau	urue1240	Tupian	South America
Usan	usan1239	Nuclear Trans New Guinea	Papunesia
Usarufa	usar1243	Nuclear Trans New Guinea	Papunesia
Ute-Southern Paiute	utes1238	Uto-Aztecan	North America
Ut-Main	kagf1238	Atlantic-Congo	Africa
Vaagri Booli	vaag1238	Indo-European	Eurasia
Vach Khanty	vach1239	Uralic	Eurasia
Vagla	vagl1239	Atlantic-Congo	Africa
Vai	vaii1241	Mande	Africa
Vame	vame1236	Afro-Asiatic	Africa
Vanimo	vani1248	Sko	Papunesia
Varli	varl1238	Indo-European	Eurasia
Vengo	veng1238	Atlantic-Congo	Africa
Veps	veps1250	Uralic	Eurasia
Vietnamese	viet1252	Austroasiatic	Eurasia
Vilela	vile1241	isolate	South America
Vlax Romani	vlax1238	Indo-European	Eurasia
Votic	voti1245	Uralic	Eurasia
Vute	vute1244	Atlantic-Congo	Africa
Waalubal	waal1238	Pama-Nyungan	
Waama	waam1244	Atlantic-Congo	Africa
Wadikali	wadi1261	Pama-Nyungan	Australia
Wadi Wadi	wadi1260	Pama-Nyungan	Australia
Wadjiginy	wadj1254	isolate	Australia
Wagaya	waga1260	Pama-Nyungan	Australia
Wageman	wage1238	isolate	Australia
Wahgi	nucl1620	Nuclear Trans New Guinea	Papunesia
Wa'ikhana	pira1254	Tucanoan	South America
Waima	waim1251	Austronesian	Papunesia
Waimaha	waim1255	Tucanoan	South America
Waimiri-Atroari	waim1253	Cariban	South America
Waiwai	waiw1244	Cariban	South America
Wajarri	waja1257	Pama-Nyungan	Australia
Wajuk	waju1234	Pama-Nyungan	Australia
Wakawaka	waka1274	Pama-Nyungan	Australia
Wakhi	wakh1245	Indo-European	Eurasia
Walangama	wala1263	Pama-Nyungan	Australia
Walmajarri	walm1241	Pama-Nyungan	Australia
Walungge	walu1241	Sino-Tibetan	Eurasia
Wambayan	wamb1258	Mirndi	Australia
Wambon	wamb1259	Nuclear Trans New Guinea	Papunesia
Wamey	wame1240	Atlantic-Congo	Africa
Wamin	wami1239	Pama-Nyungan	Australia
Wan	wann1242	Mande	Africa
Wandala	wand1278	Afro-Asiatic	Africa
Wandarang	wand1263	Mangarrayi-Maran	Australia
Waneci	wane1241	Indo-European	Eurasia
Wanggamala	wang1289	Pama-Nyungan	Australia
Wangganguru	wang1290	Pama-Nyungan	Australia
Wangkajunga	wang1288	Pama-Nyungan	Australia
Wangkumara	wong1246	Pama-Nyungan	Australia
Wanman	wanm1242	Pama-Nyungan	Australia
Wantoat	want1252	Nuclear Trans New Guinea	Papunesia
Wanyi	wany1247	Garrwan	Australia
Wanyjirra	wany1244	Pama-Nyungan	Australia
Waorani	waor1240	isolate	South America
Wapishana	wapi1253	Arawakan	South America
Wappo	wapp1239	Yuki-Wappo	North America
Warao	wara1303	isolate	South America
Wardaman	ward1246	Yangmanic	Australia
Wardandi	ward1248	Pama-Nyungan	Australia
Wari'	wari1268	Chapacuran	South America
Waris	wari1266	Border	Papunesia
Wariyangga	wari1262	Pama-Nyungan	Australia
Warlmanpa	warl1255	Pama-Nyungan	Australia
Warlpiri	warl1254	Pama-Nyungan	Australia
Warluwara	warl1256	Pama-Nyungan	Australia
Warray	wara1290	Gunwinyguan	Australia
Warrgamay	warr1255	Pama-Nyungan	Australia
Warrnambool	warr1257	Pama-Nyungan	Australia
Warrongo	waru1264	Pama-Nyungan	Australia
Warrwa	warr1258	Nyulnyulan	Australia
Warumungu	waru1265	Pama-Nyungan	Australia
Washo	wash1253	isolate	North America
Wathawurrung	wath1238	Pama-Nyungan	Australia
Waurá	waur1244	Arawakan	South America
Wawa	wawa1246	Atlantic-Congo	Africa
Wayampi	waya1270	Tupian	South America
Wayana	waya1269	Cariban	South America
Wayilwan	wayi1238	Pama-Nyungan	Australia
Wayu	wayu1241	Sino-Tibetan	Eurasia
Wayuu	wayu1243	Arawakan	South America
Weh	wehh1238	Atlantic-Congo	Africa
Welsh	wels1247	Indo-European	Eurasia
Wemba Wemba	wemb1241	Pama-Nyungan	Australia
Wergaia	werg1234	Pama-Nyungan	Australia
West Central Banda	west2458	Atlantic-Congo	Africa
West-Central Limba	west2450	Atlantic-Congo	Africa
West Coast Bajau	west2560	Austronesian	Papunesia
Western Anmatyerre	west2442	Pama-Nyungan	Australia
Western Arrarnta	west2441	Pama-Nyungan	Australia
Western Balochi	west2368	Indo-European	Eurasia
Western Bru	west2397	Austroasiatic	Eurasia
Western Cham	west2650	Austronesian	Eurasia
Western Farsi	west2369	Indo-European	Eurasia
Western Frisian	west2354	Indo-European	Eurasia
Western Highland Chatino	west2644	Otomanguean	North America
Western Karaboro	west2466	Atlantic-Congo	Africa
Western Keres	west2632	Keresan	North America
Western Mambila	nige1255	Atlantic-Congo	Africa
Western Maninkakan	west2500	Mande	Africa
Western Mari	west2392	Uralic	Eurasia
Western Muria	west2408	Dravidian	Eurasia
Western Niger Fulfulde	west2454	Atlantic-Congo	Africa
Western Victoria	west2443	Pama-Nyungan	Australia
Western Warlpiri	west2437	Pama-Nyungan	Australia
Western Xwla Gbe	west2456	Atlantic-Congo	Africa
West Makian	west2600	North Halmahera	Papunesia
Wichí Lhamtés Nocten	wich1262	Matacoan	South America
Wichita	wich1260	Caddoan	North America
Wik-Mungkan	wikm1247	Pama-Nyungan	Australia
Wik-Ngathana	wikn1245	Pama-Nyungan	Australia
Wikngenchera	wikn1246	Pama-Nyungan	Australia
Wintu	wint1259	Wintuan	North America
Wiradhuri	wira1262	Pama-Nyungan	Australia
Wirangu-Nauo	wira1260	Bookkeeping	Australia
Wirriyaraay	wirr1237	Pama-Nyungan	Australia
Wiyot	wiyo1248	Algic	North America
Wobe-Wè Northern	weno1238	Atlantic-Congo	Africa
Wogeo	woge1237	Austronesian	Papunesia
Woiwurrung	woiw1237	Pama-Nyungan	Australia
Wolaytta	wola1242	Ta-Ne-Omotic	Africa
Wolof	nucl1347	Atlantic-Congo	Africa
Wongo	wong1247	Atlantic-Congo	Africa
Worimi	wori1245	Pama-Nyungan	Australia
Worrorra	worr1237	Worrorran	Australia
Wotjobaluk	wotj1234	Pama-Nyungan	Australia
Woun Meu	woun1238	Chocoan	South America
Wubuy	nung1290	Gunwinyguan	Australia
Wu Chinese	wuch1236	Sino-Tibetan	Eurasia
Wulguru	wulg1239	Pama-Nyungan	Australia
Wuliwuli	wuli1242	Pama-Nyungan	Australia
Wunambal	wuna1249	Worrorran	Australia
Wurrugu	wurr1238	Marrku-Wurrugu	Australia
Wuzlam	wuzl1236	Afro-Asiatic	Africa
Wymysorys	wymy1235	Indo-European	Eurasia
Xamtanga	xamt1239	Afro-Asiatic	Africa
Xavánte	xava1240	Nuclear-Macro-Je	South America
Xerénte	xere1240	Nuclear-Macro-Je	South America
Xetá	xeta1241	Tupian	South America
Xhosa	xhos1239	Atlantic-Congo	Africa
Xingú Asuriní	xing1248	Tupian	South America
Xipaya	xipa1240	Tupian	South America
Xiriâna	xiri1243	Arawakan	South America
Xokleng	xokl1240	Nuclear-Macro-Je	South America
Xwela Gbe	xwel1235	Atlantic-Congo	Africa
Yabarana	yaba1248	Cariban	South America
Yadhaykenu	yadh1237	Pama-Nyungan	Australia
Yagara	yaga1262	Pama-Nyungan	Australia
Yagaria	yaga1260	Nuclear Trans New Guinea	Papunesia
Yagnobi	yagn1238	Indo-European	Eurasia
Yagua	yagu1244	Peba-Yagua	South America
Yala	yala1263	Atlantic-Congo	Africa
Yalarnnga	yala1262	Pama-Nyungan	Australia
Yalunka	yalu1240	Mande	Africa
Yámana	yama1264	isolate	South America
Yamba	yamb1251	Atlantic-Congo	Africa
Yambeta	yamb1252	Atlantic-Congo	Africa
Yameo	yame1242	Peba-Yagua	South America
Yaminahua	yami1256	Pano-Tacanan	South America
Yana	yana1271	isolate	North America
Yanda	yand1251	Pama-Nyungan	Australia
Yandruwandha	yand1253	Pama-Nyungan	Australia
Yanesha'	yane1238	Arawakan	South America
Yangman	yang1288	Yangmanic	Australia
Yankunytjatjara	yank1247	Pama-Nyungan	Australia
Yan-nhangu	yann1237	Pama-Nyungan	Australia
Yanomámi	yano1262	Yanomamic	South America
Yanomamö	yano1261	Yanomamic	South America
Yansi	yans1239	Atlantic-Congo	Africa
Yanyuwa	yany1243	Pama-Nyungan	Australia
Yao	yaoo1241	Atlantic-Congo	Africa
Yaouré	yaou1238	Mande	Africa
Yapese	yape1248	Austronesian	Papunesia
Yaqui	yaqu1251	Uto-Aztecan	North America
Yardliyawarra	yard1234	Pama-Nyungan	Australia
Yareba	yare1248	Yareban	Papunesia
Yari-Yari	yari1243	Pama-Nyungan	
Yavitero	yavi1244	Arawakan	South America
Yawa	nucl1454	Yawa-Saweru	Papunesia
Yawalapití	yawa1261	Arawakan	South America
Yawanawa	yawa1260	Pano-Tacanan	South America
Yawarawarga	yawa1258	Pama-Nyungan	Australia
Yawijibaya	yawi1239	Worrorran	Australia
Yawuru	yawu1244	Nyulnyulan	Australia
Yaygir	yayg1236	Pama-Nyungan	Australia
Yekhee	yekh1238	Atlantic-Congo	Africa
Yemba	yemb1246	Atlantic-Congo	Africa
Yemsa	yems1235	Ta-Ne-Omotic	Africa
Yerukula	yeru1240	Dravidian	Eurasia
Yessan-Mayo	yess1239	Sepik	Papunesia
Yeyi	yeyi1239	Atlantic-Congo	Africa
Yidiñ	yidi1250	Pama-Nyungan	Australia
Yil	yill1241	Nuclear Torricelli	Papunesia
Yindjibarndi	yind1247	Pama-Nyungan	Australia
Yine	yine1238	Arawakan	South America
Yinggarda	ying1247	Pama-Nyungan	Australia
Yintyinka-Ayabadhu	ayab1239	Pama-Nyungan	Australia
Yinwum	yinw1236	Pama-Nyungan	Australia
Yir-Yoront	yiry1245	Pama-Nyungan	Australia
Yitha Yitha	yith1234	Pama-Nyungan	Australia
Yom	yomm1242	Atlantic-Congo	Africa
Yongning Na	yong1270	Sino-Tibetan	Eurasia
Yora	yora1241	Pano-Tacanan	South America
Yorta Yorta	yort1237	Pama-Nyungan	Australia
Yoruba	yoru1245	Atlantic-Congo	Africa
Yucatec Maya	yuca1254	Mayan	North America
Yuchi	yuch1247	isolate	North America
Yucuna	yucu1253	Arawakan	South America
Yue Chinese	yuec1235	Sino-Tibetan	Eurasia
Yugambal	yuga1244	Pama-Nyungan	Australia
Yugumbir	yugu1249	Pama-Nyungan	Australia
Yuhup	yuhu1238	Nadahup	South America
Yuki	yuki1243	Yuki-Wappo	North America
Yukpa	yukp1241	Cariban	South America
Yulparija	yulp1239	Pama-Nyungan	Australia
Yulu	yulu1243	Central Sudanic	Africa
Yuqui	yuqu1240	Tupian	South America
Yuracaré	yura1255	isolate	South America
Yurok	yuro1248	Algic	North America
Yurutí	yuru1263	Tucanoan	South America
Yuwaalaraay	yuwa1242	Pama-Nyungan	Australia
Yuwaalaraay-Gamilaraay	gami1243	Pama-Nyungan	Australia
Yuwaalayaay	yuwa1243	Pama-Nyungan	Australia
Zaiwa	zaiw1241	Sino-Tibetan	Eurasia
Zande	zand1248	Atlantic-Congo	Africa
Záparo	zapa1253	Zaparoan	South America
Zarma-Kaado	zarm1239	Songhay	Africa
Zay	zayy1238	Afro-Asiatic	Africa
Zayse	zays1236	Ta-Ne-Omotic	Africa
Zhenkang Wa	nucl1290	Austroasiatic	Eurasia
Zhongu	zhon1235	Sino-Tibetan	Eurasia
Zimbabwean Ndebele	nort2795	Atlantic-Congo	Africa
Zinza	zinz1238	Atlantic-Congo	Africa
Zo'é	zoee1240	Tupian	South America
Zoogocho Zapotec	zoog1238	Otomanguean	North America
Zulgo-Gemzek	zulg1242	Afro-Asiatic	Africa
Zulu	zulu1248	Atlantic-Congo	Africa
Zuni	zuni1245	isolate	North America
modernaramaicnortheastern	modernaramaicnortheastern	isolate	
djindewal	djindewal	isolate	
